-- phpMyAdmin SQL Dump
-- version 3.5.2.2
-- http://www.phpmyadmin.net
--
-- Client: 127.0.0.1
-- Généré le: Ven 21 Septembre 2012 à 10:26
-- Version du serveur: 5.5.27-log
-- Version de PHP: 5.4.6

SET SQL_MODE="NO_AUTO_VALUE_ON_ZERO";
SET time_zone = "+00:00";


/*!40101 SET @OLD_CHARACTER_SET_CLIENT=@@CHARACTER_SET_CLIENT */;
/*!40101 SET @OLD_CHARACTER_SET_RESULTS=@@CHARACTER_SET_RESULTS */;
/*!40101 SET @OLD_COLLATION_CONNECTION=@@COLLATION_CONNECTION */;
/*!40101 SET NAMES utf8 */;

--
-- Base de données: `betstats`
--

-- --------------------------------------------------------

--
-- Structure de la table `championnat`
--

CREATE TABLE IF NOT EXISTS `championnat` (
  `id_championnat` int(11) NOT NULL AUTO_INCREMENT,
  `lib_championnat` varchar(255) CHARACTER SET utf8 COLLATE utf8_bin NOT NULL,
  PRIMARY KEY (`id_championnat`)
) ENGINE=MyISAM  DEFAULT CHARSET=latin1 AUTO_INCREMENT=14 ;

--
-- Contenu de la table `championnat`
--

INSERT INTO `championnat` (`id_championnat`, `lib_championnat`) VALUES
(1, 'France - Ligue 1'),
(2, 'Angleterre'),
(3, 'Espagne'),
(4, 'Allemagne'),
(5, 'Italie'),
(6, 'Ligue des Champions'),
(7, 'Europa League'),
(8, 'France - Ligue 2'),
(9, 'Autre sport'),
(10, 'Mixte'),
(11, 'International'),
(12, 'Coupe'),
(13, 'Portugal - Superliga');

-- --------------------------------------------------------

--
-- Structure de la table `compte`
--

CREATE TABLE IF NOT EXISTS `compte` (
  `id_pari` int(11) NOT NULL,
  `credit` float NOT NULL,
  PRIMARY KEY (`id_pari`)
) ENGINE=MyISAM DEFAULT CHARSET=utf8 COLLATE=utf8_bin;

--
-- Contenu de la table `compte`
--

INSERT INTO `compte` (`id_pari`, `credit`) VALUES
(1, 101.8),
(2, 99.8),
(3, 98.8),
(4, 93.8),
(5, 92.8),
(6, 90.8),
(7, 91.3),
(8, 90.3),
(9, 89.3),
(10, 90.9),
(11, 92.25),
(12, 90.25),
(13, 90.75),
(14, 89.75),
(15, 91),
(16, 91.4),
(17, 90.4),
(18, 89.4),
(19, 89.52),
(20, 88.52),
(21, 88.87),
(22, 87.87),
(23, 88.52),
(24, 89.77),
(25, 88.77),
(26, 90.07),
(27, 89.07),
(28, 88.07),
(30, 104.16),
(31, 104.64),
(32, 109.71),
(33, 108.71),
(34, 107.71),
(35, 106.71),
(36, 105.71),
(37, 106.91),
(38, 105.91),
(39, 104.91),
(40, 103.91),
(41, 102.91),
(42, 103.76),
(43, 110.66),
(44, 109.66),
(45, 108.66),
(46, 107.66),
(47, 108.44),
(48, 107.44),
(49, 106.44),
(50, 105.44),
(51, 104.44),
(52, 103.44),
(53, 102.44),
(54, 101.44),
(55, 100.44),
(56, 101.46),
(57, 100.46),
(58, 101.6),
(59, 100.6),
(60, 99.6),
(61, 98.6),
(62, 97.6),
(63, 100.23),
(64, 99.23),
(65, 98.23),
(66, 97.23),
(67, 97.75),
(68, 100.54),
(69, 99.54),
(70, 100.69),
(71, 99.69),
(72, 98.69),
(0, 100),
(73, 97.69),
(74, 98.79),
(75, 100.61),
(76, 99.61),
(77, 98.61),
(78, 97.61),
(79, 96.61),
(80, 95.61),
(81, 94.61),
(82, 96.44),
(83, 95.44),
(84, 96.45),
(85, 95.45),
(86, 96.65),
(87, 98.15),
(88, 97.15),
(89, 96.15),
(90, 95.15),
(91, 94.15),
(92, 96.4),
(93, 95.4),
(94, 95.92),
(95, 94.92),
(96, 96.12),
(97, 97.22),
(98, 96.22),
(99, 95.22),
(100, 97.22),
(101, 99.64),
(102, 98.64),
(103, 97.64),
(104, 96.64),
(105, 95.64),
(106, 94.64),
(107, 93.64),
(108, 94.95),
(109, 96.99),
(110, 95.99),
(111, 97.04),
(112, 96.04),
(113, 95.04),
(114, 96.54),
(115, 95.54),
(116, 94.54),
(117, 93.54),
(118, 92.54),
(119, 82.54),
(120, 81.54),
(121, 80.54),
(122, 79.54),
(123, 80.54),
(124, 79.54),
(125, 81.93),
(126, 83.87),
(127, 82.87),
(128, 86.83),
(129, 88.78),
(130, 87.78),
(131, 86.78),
(132, 87.29),
(133, 89.85),
(134, 90.19),
(135, 89.19),
(136, 90.42),
(137, 89.42),
(138, 88.42),
(139, 87.42),
(140, 86.42),
(141, 85.42),
(142, 86.77),
(143, 85.77),
(144, 87.97),
(145, 86.97),
(146, 85.97),
(147, 84.97),
(148, 83.97),
(149, 82.97),
(150, 81.97),
(151, 80.97),
(152, 79.97),
(153, 78.97),
(154, 80.47),
(155, 79.47),
(156, 78.47),
(157, 80.11),
(158, 81.07),
(159, 80.07),
(160, 79.07),
(161, 78.07),
(162, 77.07),
(163, 76.07),
(164, 78.22),
(165, 79.81),
(166, 78.81),
(167, 81),
(168, 80),
(169, 79),
(170, 78),
(171, 77),
(172, 76),
(173, 75),
(174, 74),
(175, 73),
(176, 72),
(177, 71),
(178, 70),
(179, 69),
(180, 70.03),
(181, 69.03),
(182, 68.03),
(183, 67.03),
(184, 66.03),
(185, 66.51),
(186, 65.51),
(187, 64.51),
(188, 69.51),
(189, 68.51),
(190, 67.51),
(191, 66.51),
(192, 65.51),
(193, 67.84),
(194, 66.84),
(195, 65.84),
(196, 64.84),
(197, 63.84),
(198, 65.59),
(199, 65.89),
(200, 66.91),
(201, 65.91),
(202, 64.91),
(203, 63.91),
(204, 62.91),
(205, 61.91),
(206, 63.39),
(207, 65.26),
(208, 64.26),
(209, 63.26),
(210, 62.26),
(211, 67.11),
(212, 66.11),
(213, 65.11),
(214, 64.11),
(215, 63.11),
(216, 67.81),
(217, 66.81),
(218, 65.81),
(219, 64.81),
(220, 63.84),
(221, 65.42),
(222, 64.42),
(223, 64.97),
(224, 63.97),
(225, 64.72),
(226, 63.72),
(227, 62.72),
(228, 61.72),
(229, 60.72),
(230, 62.72),
(231, 61.72),
(232, 62.27),
(233, 61.27),
(234, 60.27),
(235, 59.27),
(236, 61.17),
(237, 62.17),
(238, 61.17),
(239, 60.17),
(240, 59.17),
(241, 58.17),
(242, 62.95),
(243, 61.95),
(244, 60.95),
(245, 59.95),
(246, 58.95),
(247, 57.95),
(248, 56.95),
(249, 55.95),
(250, 54.95),
(251, 53.95),
(252, 59.6),
(253, 58.6),
(254, 57.6),
(255, 63.48),
(256, 62.48),
(257, 61.48),
(258, 60.48),
(259, 61.96),
(260, 60.96),
(261, 55.96),
(262, 54.96),
(263, 49.96),
(264, 48.96),
(265, 54.64),
(266, 49.64),
(267, 48.64),
(268, 47.64),
(269, 52.04),
(270, 51.04),
(271, 50.04),
(272, 49.04),
(273, 48.04),
(274, 47.04),
(275, 46.04),
(276, 48.54),
(277, 47.54),
(278, 46.54),
(279, 45.54),
(280, 44.54),
(281, 43.54),
(282, 42.54),
(283, 41.54),
(284, 40.54),
(285, 39.54),
(286, 38.54),
(287, 39.59),
(288, 38.59),
(289, 39.59),
(290, 42.03),
(291, 41.03),
(292, 40.03),
(293, 39.03),
(294, 41.25),
(295, 40.25),
(296, 39.25),
(297, 38.25),
(298, 37.25),
(299, 38.28),
(300, 37.28),
(301, 38.34),
(302, 37.34),
(303, 36.34),
(304, 35.34),
(305, 34.34),
(306, 35.7),
(307, 34.7),
(308, 33.7),
(309, 32.7),
(310, 31.7),
(311, 30.7),
(312, 32.54),
(313, 34.09),
(314, 33.09),
(315, 32.09),
(316, 31.09),
(317, 30.09),
(318, 29.09),
(319, 28.09),
(320, 27.09),
(321, 26.09),
(322, 25.09),
(323, 24.09),
(324, 23.09),
(325, 22.09),
(326, 24.47),
(327, 23.47),
(328, 22.47),
(329, 21.47),
(330, 20.47),
(331, 19.47),
(332, 22.26),
(333, 24.36),
(334, 23.36),
(335, 24.61),
(336, 23.61),
(337, 22.61),
(338, 21.61),
(339, 20.61),
(340, 19.61),
(341, 18.61),
(342, 13.61),
(343, 12.61),
(344, 11.61),
(345, 10.61),
(346, 9.61),
(347, 13.61),
(348, 12.61),
(349, 11.61),
(350, 10.61),
(351, 12.22),
(352, 13.82),
(353, 15.5),
(354, 18),
(355, 17),
(356, 18.67),
(357, 17.67),
(358, 16.67),
(359, 15.67),
(360, 14.67),
(361, 13.67),
(364, 11.67),
(363, 12.67),
(365, 13.87),
(366, 12.87),
(367, 11.87),
(368, 10.87),
(369, 10.92),
(370, 9.92),
(371, 8.92),
(372, 5.92),
(373, 4.92),
(374, 3.92),
(375, 2.92),
(376, 0),
(377, 1.5),
(378, 0.5),
(379, 1.5),
(380, 5.5);

-- --------------------------------------------------------

--
-- Structure de la table `equipe`
--

CREATE TABLE IF NOT EXISTS `equipe` (
  `id_equipe` int(11) NOT NULL AUTO_INCREMENT,
  `lib_equipe` varchar(255) CHARACTER SET utf8 COLLATE utf8_bin NOT NULL,
  PRIMARY KEY (`id_equipe`)
) ENGINE=MyISAM  DEFAULT CHARSET=latin1 AUTO_INCREMENT=237 ;

--
-- Contenu de la table `equipe`
--

INSERT INTO `equipe` (`id_equipe`, `lib_equipe`) VALUES
(1, 'Ajaccio'),
(2, 'Auxerre'),
(3, 'Bordeaux'),
(4, 'Brest'),
(5, 'Caen'),
(6, 'Dijon'),
(7, 'Evian Thonon Gaillard'),
(8, 'Lille'),
(9, 'Lorient'),
(10, 'Lyon'),
(11, 'Marseille'),
(12, 'Montpellier'),
(13, 'Nancy'),
(14, 'Nice'),
(15, 'Paris'),
(16, 'Rennes'),
(17, 'St-Etienne'),
(18, 'Sochaux'),
(19, 'Toulouse'),
(20, 'Valenciennes'),
(21, 'Arsenal'),
(22, 'Aston Villa'),
(23, 'Blackburn Rovers'),
(24, 'Bolton Wanderers'),
(25, 'Chelsea'),
(26, 'Everton'),
(27, 'Fulham'),
(28, 'Liverpool'),
(29, 'Manchester City'),
(30, 'Manchester United'),
(31, 'Newcastle'),
(32, 'Norwich City'),
(33, 'Queens Park Rangers'),
(34, 'Stoke City'),
(35, 'Sunderland'),
(36, 'Swansea City'),
(37, 'Tottenham Hotspur'),
(38, 'West Bromwich Albion'),
(39, 'Wigan Athletic'),
(40, 'Wolverhampton'),
(41, 'Athletic Bilbao'),
(42, 'Atletico Madrid'),
(43, 'Betis Seville'),
(44, 'Espanyol Barcelone'),
(45, 'FC Barcelone'),
(46, 'FC Séville'),
(47, 'Getafe'),
(48, 'Grenade'),
(49, 'Levante'),
(50, 'Malaga'),
(51, 'Osasuna'),
(52, 'Racing Santander'),
(53, 'Rayo Vallecano'),
(54, 'Real Madrid'),
(55, 'Real Majorque'),
(56, 'Real Saragosse'),
(57, 'Real Sociedad'),
(58, 'Sporting Gijon'),
(59, 'Valence'),
(60, 'Villareal'),
(61, 'Bayer Leverkusen'),
(62, 'Bayern Munich'),
(63, 'Borussia Dortmund'),
(64, 'Borussia MGladbach'),
(65, 'Augsburg FC '),
(66, 'Cologne FC '),
(67, 'Kaiserslautern FC'),
(68, 'Nuremberg FC'),
(69, 'Mayence FSV'),
(70, 'Hambourg SV'),
(71, 'Hanovre 96'),
(72, 'Hertha Berlin'),
(73, 'Hoffenheim'),
(74, 'Fribourg SC '),
(75, 'Schalke 04'),
(76, 'Stuttgart VFB'),
(77, 'Wolfsburg VFL '),
(78, 'Werder Breme'),
(79, 'Milan AC '),
(80, 'Roma'),
(81, 'Atalanta Bergame'),
(82, 'Bologne'),
(83, 'Cagliari'),
(84, 'Catane'),
(85, 'Cesena'),
(86, 'Chievo Verone'),
(87, 'Fiorentina'),
(88, 'Genoa'),
(89, 'Inter Milan'),
(90, 'Juventus Turin'),
(91, 'Lazio Rome'),
(92, 'Lecce'),
(93, 'Naples'),
(94, 'Novara'),
(95, 'Palerme'),
(96, 'Parme'),
(97, 'Sienne'),
(98, 'Udinese'),
(99, 'Amiens'),
(100, 'Angers'),
(101, 'Arles-Avignon'),
(102, 'Bastia'),
(103, 'Boulogne'),
(104, 'Chateauroux'),
(105, 'Clermont'),
(106, 'Guingamp'),
(107, 'Istres'),
(108, 'Laval'),
(109, 'Le Havre'),
(110, 'Le Mans'),
(111, 'Lens'),
(112, 'Metz'),
(113, 'Monaco'),
(114, 'Nantes'),
(115, 'Reims'),
(116, 'Sedan'),
(117, 'Tours'),
(118, 'Troyes'),
(119, 'Otelul Galati'),
(120, 'Shakhtar Donetsk'),
(121, 'Zenith St Petersbourg'),
(122, 'CSKA Moscou'),
(123, 'Trabzonspor'),
(124, 'Porto'),
(125, 'Apoel Nicosie'),
(126, 'Genk'),
(127, 'AZ'),
(128, 'Austria Vienne'),
(129, 'Sporting Lisbonne'),
(130, 'Vaslui'),
(131, 'PAOK'),
(132, 'Shamrock Rovers'),
(133, 'Salzbourg'),
(134, 'Lokomotiv Moscou'),
(135, 'AEK Athenes'),
(136, 'Slovan Bratislava'),
(137, 'Ingolstadt'),
(138, 'SLUC Nancy'),
(139, 'Bilbao Basket'),
(140, 'Birmingham City'),
(141, 'Ajax Amsterdam'),
(142, 'Victoria Plzen'),
(143, 'Dinamo Zagreb'),
(144, 'Benfica Lisbonne'),
(145, 'Bale'),
(146, 'Metalist Kharkiv'),
(147, 'Malmo'),
(148, 'Sporting Braga'),
(149, 'Maribor'),
(150, 'AEK Larnaka'),
(151, 'Wisla Cracovie'),
(152, 'Twente'),
(153, 'OB Odense'),
(154, 'Anderlecht'),
(155, 'Sturm Graz'),
(156, 'Autre (Basket & Co)'),
(157, 'Angleterre'),
(158, 'Espagne'),
(159, 'Mexique'),
(160, 'Serbie'),
(161, 'France'),
(162, 'Etats-Unis'),
(163, 'Pays-Bas'),
(164, 'Suisse'),
(165, 'Argentine'),
(166, 'Bolivie'),
(167, 'Estonie'),
(168, 'Irlande'),
(169, 'République Tcheque'),
(170, 'Monténégro'),
(171, 'Belgique'),
(172, 'Italie'),
(173, 'Uruguay'),
(174, 'Suède'),
(175, 'Croatie'),
(176, 'Turquie'),
(177, 'Portugal'),
(178, 'Bosnie-Herzégovine'),
(179, 'Grèce'),
(180, 'Roumanie'),
(181, 'Allemagne'),
(182, 'Equateur'),
(183, 'Pérou'),
(184, 'Colombie'),
(185, 'Olympiakos'),
(186, 'Bate Borisov'),
(187, 'Empoli'),
(188, 'Bari'),
(189, 'Hellas Verone'),
(190, 'Cardiff'),
(191, 'Crystal Palace'),
(192, 'Maccabi Haifa'),
(193, 'Dynamo Kiev'),
(194, 'Maccabi Tel-Aviv'),
(195, 'Besiktas'),
(196, 'Steaua Bucarest'),
(197, 'Zurich'),
(198, 'Mirandes'),
(199, 'Milton Keynes Dons'),
(200, 'Bourg-Peronnas'),
(201, 'Compiègne'),
(202, 'Valence (FR)'),
(203, 'Middlesbrough'),
(204, 'Leicester'),
(205, 'Swindon'),
(206, 'Gazelec Ajaccio'),
(207, 'Drancy Jeanne d''Arc'),
(208, 'Cote d''Ivoire'),
(209, 'Mali'),
(210, 'Brighton'),
(211, 'Crawley'),
(212, 'Stevenage'),
(213, 'CS Maritimo'),
(214, 'Vitoria Guimaraes'),
(215, 'Madère'),
(216, 'Académica de Coimbra'),
(217, 'Rio Ave'),
(218, 'Pacos de Ferreira'),
(219, 'Beira Mar'),
(220, 'Feirense'),
(221, 'Uniao Leiria'),
(222, 'Vitoria Setubal'),
(223, 'Olhanense'),
(224, 'Gil Vicente'),
(225, 'Legia Varsovie'),
(226, 'Quevilly'),
(227, 'Greuther Fürth'),
(228, 'Lyon (Féminin)'),
(229, 'Francfort (Féminin)'),
(230, '(Tennis) Tsonga'),
(231, '(Tennis) Djokovic'),
(232, 'Russie'),
(233, 'Pologne'),
(234, 'Danemark'),
(235, '(Tennis) Nadal'),
(236, 'Ukraine');

-- --------------------------------------------------------

--
-- Structure de la table `equipe_championnat`
--

CREATE TABLE IF NOT EXISTS `equipe_championnat` (
  `id_equipe` int(11) NOT NULL,
  `id_championnat` int(11) NOT NULL,
  PRIMARY KEY (`id_equipe`,`id_championnat`)
) ENGINE=MyISAM DEFAULT CHARSET=latin1;

--
-- Contenu de la table `equipe_championnat`
--

INSERT INTO `equipe_championnat` (`id_equipe`, `id_championnat`) VALUES
(1, 1),
(2, 1),
(3, 1),
(4, 1),
(5, 1),
(6, 1),
(7, 1),
(8, 1),
(8, 6),
(9, 1),
(10, 1),
(10, 6),
(11, 1),
(11, 6),
(12, 1),
(13, 1),
(14, 1),
(15, 1),
(15, 7),
(16, 1),
(16, 7),
(17, 1),
(18, 1),
(19, 1),
(20, 1),
(21, 2),
(21, 6),
(22, 2),
(23, 2),
(24, 2),
(25, 2),
(25, 6),
(26, 2),
(27, 2),
(27, 7),
(28, 2),
(29, 2),
(29, 6),
(30, 2),
(30, 6),
(30, 7),
(31, 2),
(32, 2),
(33, 2),
(34, 2),
(34, 7),
(35, 2),
(36, 2),
(37, 2),
(37, 7),
(38, 2),
(39, 2),
(40, 2),
(41, 3),
(41, 7),
(42, 3),
(42, 7),
(43, 3),
(44, 3),
(45, 3),
(45, 6),
(46, 3),
(47, 3),
(48, 3),
(49, 3),
(50, 3),
(51, 3),
(52, 3),
(53, 3),
(54, 3),
(54, 6),
(55, 3),
(56, 3),
(57, 3),
(58, 3),
(59, 3),
(59, 6),
(59, 7),
(60, 3),
(60, 6),
(61, 4),
(61, 6),
(62, 4),
(62, 6),
(63, 4),
(63, 6),
(64, 4),
(65, 4),
(66, 4),
(67, 4),
(68, 4),
(69, 4),
(70, 4),
(71, 4),
(71, 7),
(72, 4),
(73, 4),
(74, 4),
(75, 4),
(75, 7),
(76, 4),
(77, 4),
(78, 4),
(79, 5),
(79, 6),
(80, 5),
(81, 5),
(82, 5),
(83, 5),
(84, 5),
(85, 5),
(86, 5),
(87, 5),
(88, 5),
(89, 5),
(89, 6),
(90, 5),
(91, 5),
(91, 7),
(92, 5),
(93, 5),
(93, 6),
(94, 5),
(95, 5),
(96, 5),
(97, 5),
(98, 5),
(98, 7),
(99, 8),
(100, 8),
(101, 8),
(102, 8),
(103, 8),
(104, 8),
(105, 8),
(106, 8),
(107, 8),
(108, 8),
(109, 8),
(110, 8),
(111, 8),
(112, 8),
(113, 8),
(114, 8),
(115, 8),
(116, 8),
(117, 8),
(118, 8),
(119, 6),
(120, 6),
(121, 6),
(122, 6),
(123, 6),
(124, 6),
(124, 13),
(125, 6),
(126, 6),
(127, 7),
(128, 7),
(129, 7),
(129, 13),
(130, 7),
(131, 7),
(132, 7),
(133, 7),
(134, 7),
(135, 7),
(136, 7),
(140, 7),
(141, 6),
(141, 7),
(142, 6),
(142, 7),
(143, 6),
(144, 6),
(144, 13),
(145, 6),
(146, 7),
(147, 7),
(148, 7),
(148, 13),
(149, 7),
(150, 7),
(151, 7),
(152, 7),
(153, 7),
(154, 7),
(155, 7),
(157, 11),
(158, 11),
(159, 11),
(160, 11),
(161, 11),
(162, 11),
(163, 11),
(164, 11),
(165, 11),
(166, 11),
(167, 11),
(168, 11),
(169, 11),
(170, 11),
(171, 11),
(172, 11),
(173, 11),
(174, 11),
(175, 11),
(176, 11),
(177, 11),
(178, 11),
(179, 11),
(180, 11),
(181, 11),
(182, 11),
(183, 11),
(184, 11),
(185, 6),
(186, 6),
(187, 5),
(188, 5),
(192, 7),
(193, 7),
(194, 7),
(195, 7),
(196, 7),
(197, 7),
(208, 11),
(209, 11),
(213, 13),
(214, 13),
(215, 13),
(216, 13),
(217, 13),
(218, 13),
(219, 13),
(220, 13),
(221, 13),
(222, 13),
(223, 13),
(224, 13),
(225, 7),
(232, 11),
(233, 11),
(234, 11),
(236, 11);

-- --------------------------------------------------------

--
-- Structure de la table `matchs`
--

CREATE TABLE IF NOT EXISTS `matchs` (
  `id_match` int(11) NOT NULL AUTO_INCREMENT,
  `id_pari` int(11) NOT NULL,
  `id_equipe1` int(11) NOT NULL,
  `id_equipe2` int(11) NOT NULL,
  `pronostic` enum('1','N','2','0') NOT NULL,
  `resultat` enum('1','N','2','0') DEFAULT NULL,
  `reussite` tinyint(1) DEFAULT NULL,
  PRIMARY KEY (`id_match`)
) ENGINE=MyISAM  DEFAULT CHARSET=latin1 AUTO_INCREMENT=820 ;

--
-- Contenu de la table `matchs`
--

INSERT INTO `matchs` (`id_match`, `id_pari`, `id_equipe1`, `id_equipe2`, `pronostic`, `resultat`, `reussite`) VALUES
(1, 1, 16, 9, '1', '1', 1),
(2, 2, 93, 62, '2', 'N', 0),
(3, 2, 119, 30, '2', '2', 1),
(4, 3, 120, 121, '1', 'N', 0),
(5, 3, 122, 123, '1', '1', 1),
(6, 4, 124, 125, '1', 'N', 0),
(7, 4, 29, 60, '1', '1', 1),
(8, 4, 25, 126, '1', '1', 1),
(9, 5, 127, 128, '1', 'N', 0),
(10, 5, 129, 130, '1', '1', 1),
(11, 5, 131, 132, '1', '1', 1),
(12, 5, 41, 133, '1', 'N', 0),
(13, 5, 134, 135, '1', '1', 1),
(14, 6, 41, 133, '1', 'N', 0),
(15, 6, 136, 15, '2', 'N', 0),
(16, 7, 31, 39, '1', '1', 1),
(17, 8, 31, 39, '0', '0', 0),
(18, 9, 24, 35, '0', '0', 0),
(19, 10, 5, 12, '2', '2', 1),
(20, 11, 13, 14, '1', '1', 1),
(21, 12, 11, 1, '1', '1', 1),
(22, 12, 15, 6, '1', '1', 1),
(23, 12, 18, 7, '1', 'N', 0),
(24, 13, 21, 34, '1', '1', 1),
(25, 14, 30, 29, '1', '2', 0),
(26, 15, 15, 6, '1', '1', 1),
(27, 16, 11, 111, '1', '1', 1),
(28, 17, 6, 15, '2', '1', 0),
(29, 18, 12, 9, '1', '2', 0),
(30, 19, 17, 10, '0', '0', 1),
(31, 20, 93, 98, '1', '1', 1),
(32, 20, 79, 96, '0', '0', 0),
(33, 20, 49, 57, '1', '1', 1),
(34, 20, 62, 137, '0', '0', 0),
(35, 21, 8, 116, '1', '1', 1),
(36, 22, 55, 58, '1', '2', 0),
(37, 22, 54, 60, '1', '1', 1),
(38, 23, 138, 139, '1', '1', 1),
(39, 24, 138, 139, '1', '1', 1),
(40, 25, 41, 42, 'N', '1', 0),
(41, 26, 41, 42, '1', '1', 1),
(42, 27, 102, 101, '1', '1', 1),
(43, 27, 116, 99, '1', '1', 1),
(44, 27, 112, 115, '2', '1', 0),
(45, 28, 29, 40, '1', '1', 1),
(46, 28, 25, 21, '1', '2', 0),
(47, 28, 26, 30, '2', '2', 1),
(48, 28, 37, 33, '1', '1', 1),
(49, 30, 75, 73, '1', '1', 1),
(50, 30, 76, 63, 'N', 'N', 1),
(51, 30, 62, 68, '1', '1', 1),
(52, 30, 69, 78, '2', '2', 1),
(53, 31, 89, 90, '2', '2', 1),
(54, 32, 10, 17, '1', '1', 1),
(55, 32, 6, 11, '1', '1', 1),
(56, 32, 12, 13, '1', '1', 1),
(57, 32, 15, 5, '1', '1', 1),
(58, 33, 96, 85, '1', '1', 1),
(59, 33, 92, 94, '1', 'N', 0),
(60, 34, 20, 9, '1', 'N', 0),
(61, 35, 20, 9, '2', 'N', 0),
(62, 36, 42, 56, '0', '0', 0),
(63, 37, 114, 111, '1', '1', 1),
(64, 38, 57, 54, '2', '2', 1),
(65, 38, 59, 47, '1', '1', 1),
(66, 38, 42, 56, '1', '1', 1),
(67, 38, 45, 55, '1', '1', 1),
(68, 38, 46, 48, '1', '2', 0),
(69, 39, 42, 56, '1', '1', 1),
(70, 39, 46, 48, '1', '2', 0),
(71, 39, 96, 85, '1', '1', 1),
(72, 39, 37, 33, '1', '1', 1),
(73, 40, 21, 11, '0', '0', 0),
(74, 41, 142, 45, '2', '2', 1),
(75, 41, 125, 124, '2', '1', 0),
(76, 41, 126, 25, '2', 'N', 0),
(77, 42, 125, 124, '0', '0', 0),
(78, 43, 60, 29, '2', '2', 1),
(79, 43, 30, 119, '1', '1', 1),
(80, 43, 141, 143, '1', '1', 1),
(81, 44, 62, 93, '1', '1', 1),
(82, 44, 144, 145, '1', 'N', 0),
(83, 45, 10, 54, 'N', '2', 0),
(84, 46, 146, 147, '1', '1', 1),
(85, 46, 148, 149, '1', '1', 1),
(86, 46, 42, 98, '1', '1', 1),
(87, 46, 75, 150, '1', 'N', 0),
(88, 47, 27, 151, '1', '1', 1),
(89, 47, 152, 153, '1', '1', 1),
(90, 47, 154, 155, '1', '1', 1),
(91, 48, 65, 62, '2', '2', 1),
(92, 48, 78, 66, '1', '1', 1),
(93, 48, 69, 76, '2', '1', 0),
(94, 48, 63, 77, '1', '1', 1),
(95, 49, 103, 112, '1', '2', 0),
(96, 50, 61, 70, '1', 'N', 0),
(97, 50, 73, 67, '1', 'N', 0),
(98, 50, 68, 74, '1', '2', 0),
(99, 51, 21, 38, '1', '1', 1),
(100, 51, 23, 25, '2', '2', 1),
(101, 51, 30, 35, '1', '1', 1),
(102, 51, 28, 36, '1', 'N', 0),
(103, 51, 33, 29, '2', '2', 1),
(104, 52, 98, 97, '1', '1', 1),
(105, 52, 61, 70, '1', 'N', 0),
(106, 53, 49, 59, 'N', '2', 0),
(107, 53, 108, 102, '2', '1', 0),
(108, 53, 99, 104, '2', '1', 0),
(109, 54, 109, 105, 'N', '2', 0),
(110, 54, 115, 107, '1', '1', 1),
(111, 55, 8, 7, '1', 'N', 0),
(112, 55, 9, 1, '1', '1', 1),
(113, 55, 11, 14, '1', '1', 1),
(114, 56, 91, 96, '1', '1', 1),
(115, 56, 33, 29, '2', '2', 1),
(116, 57, 9, 1, '1', '1', 1),
(117, 57, 16, 20, '1', 'N', 0),
(118, 57, 11, 14, '1', '1', 1),
(119, 58, 63, 77, '1', '1', 1),
(120, 58, 78, 66, '1', '1', 1),
(121, 58, 65, 62, '2', '2', 1),
(122, 59, 47, 42, '2', '1', 0),
(123, 59, 44, 60, '1', 'N', 0),
(124, 60, 156, 156, '2', '2', 1),
(125, 60, 156, 156, '1', '1', 1),
(126, 60, 156, 156, '1', '1', 1),
(127, 60, 156, 156, '1', '2', 0),
(128, 61, 157, 158, '2', '1', 0),
(129, 61, 159, 160, '1', '1', 1),
(130, 62, 161, 162, '1', '1', 1),
(131, 62, 163, 164, '1', 'N', 0),
(132, 62, 165, 166, '1', 'N', 0),
(133, 63, 167, 168, '2', '2', 1),
(134, 63, 169, 170, '1', '1', 1),
(135, 64, 157, 174, '1', '1', 1),
(136, 64, 161, 171, '1', 'N', 0),
(137, 65, 177, 178, '1', '1', 1),
(138, 65, 175, 176, '1', 'N', 0),
(139, 65, 168, 167, '1', 'N', 0),
(140, 66, 179, 180, '1', '2', 0),
(141, 66, 181, 163, '1', '1', 1),
(142, 67, 181, 163, '0', '0', 1),
(143, 68, 177, 178, '1', '1', 1),
(144, 68, 182, 183, '1', '1', 1),
(145, 68, 184, 165, '2', '2', 1),
(146, 69, 184, 165, 'N', '2', 0),
(147, 70, 156, 156, '1', '1', 1),
(148, 70, 156, 156, '1', '1', 1),
(149, 70, 156, 156, '1', '1', 1),
(150, 71, 21, 11, '1', 'N', 0),
(151, 71, 63, 185, '1', '1', 1),
(152, 72, 126, 25, '2', 'N', 0),
(153, 72, 142, 45, '2', '2', 1),
(154, 72, 186, 79, '2', 'N', 0),
(155, 73, 10, 16, '1', '2', 0),
(156, 73, 19, 8, 'N', 'N', 1),
(157, 74, 29, 31, '0', '0', 1),
(158, 75, 29, 31, '1', '1', 1),
(159, 75, 36, 30, '2', '2', 1),
(160, 75, 37, 22, '1', '1', 1),
(161, 76, 25, 28, '1', '2', 0),
(162, 76, 32, 21, '2', '2', 1),
(163, 77, 12, 11, '0', '0', 0),
(164, 77, 6, 3, '0', '0', 0),
(165, 78, 59, 54, '2', '2', 1),
(166, 78, 75, 68, '1', '1', 1),
(167, 78, 62, 63, '1', '2', 0),
(168, 79, 87, 79, '2', 'N', 0),
(169, 79, 89, 83, '1', '1', 1),
(170, 80, 80, 92, '1', '1', 1),
(171, 80, 15, 13, '1', '2', 0),
(172, 80, 76, 65, '1', '1', 1),
(173, 81, 82, 85, '1', '2', 0),
(174, 82, 80, 92, '1', '1', 1),
(175, 82, 90, 95, '1', '1', 1),
(176, 82, 88, 94, '1', '1', 1),
(177, 83, 4, 18, '0', '0', 0),
(178, 84, 62, 60, '1', '1', 1),
(179, 84, 93, 29, '0', '0', 1),
(180, 85, 30, 144, '1', 'N', 0),
(181, 85, 10, 141, '1', 'N', 0),
(182, 86, 122, 8, '0', '0', 1),
(183, 86, 123, 89, '0', '0', 1),
(184, 87, 101, 106, '2', '2', 1),
(185, 88, 61, 25, 'N', '1', 0),
(186, 89, 186, 142, '1', '2', 0),
(187, 90, 59, 126, '1', '1', 1),
(188, 90, 121, 125, '1', 'N', 0),
(189, 90, 120, 124, '0', '0', 1),
(190, 91, 21, 63, '0', '1', 0),
(191, 91, 11, 185, '1', '2', 0),
(192, 91, 79, 45, '0', '0', 1),
(193, 92, 59, 126, '1', '1', 1),
(194, 92, 120, 124, '2', '2', 1),
(195, 93, 87, 187, '1', '1', 1),
(196, 93, 88, 188, '1', 'N', 0),
(197, 94, 138, 156, '1', '1', 1),
(198, 95, 104, 100, '0', '0', 0),
(199, 95, 114, 113, '0', '0', 1),
(200, 95, 117, 101, '1', '1', 1),
(201, 96, 98, 80, '1', '1', 1),
(202, 97, 66, 64, '2', '2', 1),
(203, 98, 156, 156, '1', '2', 0),
(204, 98, 156, 156, '1', '1', 1),
(205, 98, 156, 156, '1', 'N', 0),
(206, 99, 25, 40, '1', '1', 1),
(207, 99, 35, 39, '1', '2', 0),
(208, 99, 38, 37, '2', '2', 1),
(209, 99, 21, 27, '1', 'N', 0),
(210, 100, 30, 31, '0', '0', 1),
(211, 101, 8, 4, '1', '1', 1),
(212, 101, 17, 1, '1', '1', 1),
(213, 101, 16, 7, '1', '1', 1),
(214, 102, 13, 6, '1', '2', 0),
(215, 102, 9, 14, '1', '1', 1),
(217, 103, 54, 42, '0', '0', 1),
(218, 103, 47, 45, '2', '1', 0),
(219, 103, 53, 59, '2', '2', 1),
(220, 104, 81, 93, '0', '0', 1),
(221, 104, 91, 90, '0', '0', 1),
(222, 104, 92, 84, '0', '0', 1),
(223, 104, 94, 96, '0', '0', 0),
(224, 105, 63, 75, '0', '0', 1),
(225, 105, 65, 77, '0', '0', 0),
(226, 105, 73, 74, '1', 'N', 0),
(227, 106, 19, 20, '0', '0', 1),
(228, 106, 71, 70, '0', '0', 1),
(229, 106, 21, 27, '1', 'N', 0),
(230, 107, 47, 45, '0', '0', 0),
(231, 107, 156, 156, '1', '1', 1),
(232, 108, 28, 29, '0', '0', 1),
(233, 108, 36, 22, '0', '0', 1),
(234, 109, 105, 115, '1', '1', 1),
(235, 109, 9, 14, '1', '1', 1),
(236, 110, 78, 76, '0', '0', 1),
(237, 110, 69, 62, '2', '1', 0),
(238, 110, 2, 10, '0', '0', 1),
(239, 111, 97, 89, '0', '0', 1),
(240, 111, 83, 82, '0', '0', 1),
(241, 111, 79, 86, '1', '1', 1),
(242, 112, 41, 48, '1', '2', 0),
(243, 112, 49, 58, '1', '1', 1),
(244, 112, 43, 57, '1', '2', 0),
(245, 113, 41, 48, '1', '2', 0),
(246, 113, 49, 58, '1', '1', 1),
(247, 114, 50, 60, '1', '1', 1),
(248, 115, 45, 53, '0', '0', 1),
(249, 115, 84, 94, '1', '2', 0),
(250, 116, 96, 189, '1', '2', 0),
(251, 116, 93, 90, '0', '0', 1),
(252, 117, 21, 29, '0', '0', 0),
(253, 117, 190, 23, '0', '0', 1),
(254, 118, 25, 28, '1', '2', 0),
(255, 118, 30, 191, '1', 'N', 0),
(256, 119, 37, 131, '1', '2', 0),
(257, 120, 147, 127, '2', 'N', 0),
(258, 120, 146, 128, '1', '1', 1),
(259, 120, 16, 98, '0', '0', 1),
(260, 121, 150, 192, '0', '0', 1),
(261, 121, 34, 193, '1', 'N', 0),
(262, 121, 194, 195, '2', '2', 1),
(263, 122, 75, 196, '1', '1', 1),
(264, 122, 133, 15, '0', '0', 0),
(265, 122, 130, 91, '0', '0', 1),
(266, 122, 129, 197, '1', '1', 1),
(267, 123, 5, 11, '2', '2', 1),
(268, 124, 102, 116, '1', 'N', 0),
(269, 124, 111, 117, '1', '1', 1),
(270, 124, 118, 107, '1', 'N', 0),
(271, 125, 100, 105, '0', '0', 1),
(272, 125, 113, 112, '0', '0', 1),
(273, 125, 101, 104, '0', '0', 1),
(274, 126, 88, 79, '2', '2', 1),
(275, 126, 61, 73, '1', '1', 1),
(276, 127, 3, 13, 'N', '1', 0),
(277, 127, 7, 20, '1', '1', 1),
(278, 128, 10, 19, '1', '1', 1),
(279, 128, 12, 9, '1', '1', 1),
(280, 128, 15, 2, '1', '1', 1),
(281, 129, 103, 109, '0', '0', 1),
(282, 129, 115, 114, '1', '1', 1),
(283, 130, 31, 25, '0', '0', 0),
(284, 130, 37, 24, '1', '1', 1),
(285, 130, 39, 21, '2', '2', 1),
(286, 131, 64, 63, 'N', 'N', 1),
(287, 131, 62, 78, 'N', '1', 0),
(288, 132, 22, 30, '2', '2', 1),
(289, 132, 58, 54, '2', '2', 1),
(290, 133, 6, 18, '0', '0', 1),
(291, 133, 4, 17, '0', '0', 1),
(292, 133, 1, 8, '2', '2', 1),
(293, 134, 89, 98, '0', '0', 1),
(294, 134, 93, 92, '1', '1', 1),
(295, 135, 57, 50, '0', '0', 0),
(296, 135, 51, 43, '1', '1', 1),
(297, 136, 90, 85, '1', '1', 1),
(298, 136, 75, 65, '1', '1', 1),
(299, 136, 91, 94, '1', '1', 1),
(300, 137, 26, 34, '1', '2', 0),
(301, 137, 42, 53, '1', '1', 1),
(302, 138, 27, 28, '2', '1', 0),
(303, 139, 25, 59, '1', '1', 1),
(304, 139, 63, 11, '1', '2', 0),
(305, 139, 125, 120, '1', 'N', 0),
(306, 140, 144, 119, '1', '1', 1),
(307, 140, 145, 30, '2', '1', 0),
(308, 140, 141, 54, '2', '2', 1),
(309, 140, 143, 10, '2', '2', 1),
(310, 141, 29, 62, '1', '1', 1),
(311, 141, 8, 123, '1', 'N', 0),
(312, 142, 72, 75, '2', '2', 1),
(313, 143, 16, 4, '1', 'N', 0),
(314, 143, 11, 3, '1', 'N', 0),
(315, 144, 13, 1, 'N', 'N', 1),
(316, 145, 54, 45, '0', '0', 0),
(317, 145, 49, 46, '0', '0', 1),
(318, 146, 38, 39, '1', '2', 0),
(319, 146, 21, 26, '1', '1', 1),
(320, 147, 78, 77, '1', '1', 1),
(321, 147, 65, 64, '2', '1', 0),
(322, 148, 92, 91, '2', '2', 1),
(323, 148, 95, 85, '1', '2', 0),
(324, 149, 63, 67, '1', 'N', 0),
(325, 149, 76, 62, '2', '2', 1),
(326, 150, 82, 79, '2', 'N', 0),
(327, 150, 94, 93, '2', NULL, NULL),
(328, 150, 98, 86, '1', '1', 1),
(329, 151, 34, 37, '2', '1', 0),
(330, 152, 9, 10, '0', '', NULL),
(331, 152, 8, 6, '0', '0', 0),
(332, 153, 76, 62, '2', '2', 1),
(333, 153, 94, 93, '2', 'N', 0),
(334, 154, 9, 10, '2', '2', 1),
(335, 155, 25, 29, 'N', '1', 0),
(336, 155, 80, 90, 'N', 'N', 1),
(337, 156, 66, 69, '1', 'N', 0),
(338, 156, 88, 89, '2', '2', 1),
(339, 157, 15, 41, '1', '1', 1),
(340, 157, 136, 133, '2', '2', 1),
(341, 158, 128, 147, '1', '1', 1),
(342, 158, 140, 149, '1', '1', 1),
(343, 159, 117, 106, '0', '0', 0),
(344, 159, 118, 115, '0', '0', 0),
(345, 160, 105, 103, '1', '2', 0),
(346, 160, 116, 101, '1', 'N', 0),
(347, 161, 105, 103, '1', '2', 0),
(348, 161, 109, 113, '1', 'N', 0),
(349, 162, 10, 7, '1', '1', 1),
(350, 162, 11, 9, '1', '1', 1),
(351, 162, 12, 19, '1', 'N', 0),
(352, 163, 31, 36, '1', 'N', 0),
(353, 163, 39, 25, '2', 'N', 0),
(354, 164, 58, 44, '0', '0', 1),
(355, 164, 46, 54, '2', '2', 1),
(356, 164, 41, 56, '1', '1', 1),
(357, 165, 79, 97, '1', '1', 1),
(358, 165, 90, 94, '1', '1', 1),
(359, 165, 85, 89, '2', '2', 1),
(360, 166, 64, 69, '1', '1', 1),
(361, 166, 74, 63, '2', '2', 1),
(362, 166, 61, 68, '1', '2', 0),
(363, 167, 29, 21, '1', '1', 1),
(364, 167, 37, 35, '1', '1', 1),
(365, 167, 33, 30, '2', '2', 1),
(366, 168, 48, 49, '0', '0', 0),
(367, 168, 42, 43, '1', '2', 0),
(368, 169, 13, 11, '0', '0', 0),
(369, 170, 19, 4, '1', 'N', 0),
(370, 170, 20, 10, '0', '0', 0),
(371, 171, 7, 12, '2', '1', 0),
(372, 171, 8, 14, '1', 'N', 0),
(373, 172, 16, 3, 'N', '1', 0),
(374, 172, 17, 15, 'N', '2', 0),
(375, 173, 37, 25, '2', 'N', 0),
(376, 174, 25, 27, '1', 'N', 0),
(377, 174, 28, 23, '1', 'N', 0),
(378, 174, 38, 29, '2', 'N', 0),
(379, 175, 21, 40, '1', 'N', 0),
(380, 175, 30, 39, '1', '1', 1),
(381, 175, 32, 37, '2', '2', 1),
(382, 176, 26, 24, '1', '2', 0),
(383, 176, 31, 30, '2', '1', 0),
(384, 177, 49, 55, '1', 'N', 0),
(385, 177, 50, 42, '1', 'N', 0),
(386, 178, 17, 3, '1', 'N', 0),
(387, 179, 112, 7, '2', 'N', 0),
(388, 180, 92, 90, '2', '2', 1),
(389, 180, 98, 85, '1', '1', 1),
(390, 181, 44, 45, '2', 'N', 0),
(391, 181, 60, 59, '2', 'N', 0),
(392, 182, 29, 30, 'N', '2', 0),
(393, 183, 95, 93, '0', '0', 0),
(394, 184, 14, 6, '1', 'N', 0),
(395, 184, 10, 8, '1', '1', 1),
(396, 185, 91, 189, '1', '1', 1),
(397, 186, 29, 28, '1', '2', 0),
(398, 186, 37, 26, '1', '1', 1),
(399, 187, 50, 54, '0', '0', 0),
(400, 188, 10, 8, '1', '1', 1),
(401, 189, 93, 85, '2', '1', 0),
(402, 190, 109, 111, '1', 'N', 0),
(403, 190, 114, 100, '0', '0', 1),
(404, 191, 25, 35, '1', '1', 1),
(405, 191, 28, 34, '1', 'N', 0),
(406, 191, 37, 40, '1', 'N', 0),
(407, 191, 38, 32, '1', '2', 0),
(408, 192, 6, 7, 'N', '1', 0),
(409, 192, 12, 10, 'N', '1', 0),
(410, 193, 11, 8, '1', '1', 1),
(411, 193, 15, 19, '1', '1', 1),
(412, 194, 31, 33, '1', '1', 1),
(413, 194, 36, 21, '2', '1', 1),
(414, 195, 87, 92, '1', '2', 0),
(415, 195, 91, 81, '1', '1', 1),
(416, 196, 79, 89, '1', '2', 0),
(417, 196, 93, 82, '1', 'N', 0),
(418, 196, 90, 83, '1', 'N', 0),
(419, 197, 79, 89, '1', '2', 0),
(420, 197, 93, 82, '1', 'N', 0),
(421, 198, 93, 82, 'N', 'N', 1),
(422, 199, 44, 198, '1', '1', 1),
(423, 200, 44, 198, '1', '1', 1),
(424, 200, 33, 199, '1', '1', 1),
(425, 201, 54, 45, '0', '0', 0),
(426, 201, 41, 55, '1', '1', 1),
(427, 202, 101, 115, '0', '0', 1),
(428, 202, 111, 105, '0', '0', 0),
(429, 202, 116, 110, '1', '2', 0),
(430, 203, 59, 49, 'N', '1', 0),
(431, 204, 156, 156, '1', '2', 0),
(432, 205, 24, 28, '2', '1', 0),
(433, 205, 32, 25, '2', 'N', 0),
(434, 206, 44, 48, '1', '1', 1),
(435, 206, 50, 45, '2', '2', 1),
(436, 206, 54, 41, '1', '1', 1),
(437, 207, 94, 79, '2', '2', 1),
(438, 207, 80, 85, '1', '1', 1),
(439, 207, 98, 84, '1', '1', 1),
(440, 208, 200, 1, '2', 'N', 0),
(441, 208, 201, 8, '2', 'N', 0),
(442, 208, 6, 107, '1', '1', 1),
(443, 209, 2, 104, '1', '2', 0),
(444, 209, 202, 7, '2', '2', 1),
(445, 209, 11, 109, '1', 'N', 0),
(446, 210, 4, 15, '2', '2', 1),
(447, 210, 10, 6, '1', '1', 1),
(448, 210, 14, 12, '2', '2', 1),
(449, 211, 198, 44, '2', '1', 0),
(450, 211, 90, 80, 'N', '1', 0),
(451, 212, 156, 156, '1', '2', 0),
(452, 212, 156, 156, '1', '1', 1),
(453, 213, 45, 54, '1', 'N', 0),
(454, 214, 28, 29, '1', 'N', 0),
(455, 214, 93, 89, '2', '1', 0),
(456, 215, 49, 59, '1', '2', 0),
(457, 216, 112, 116, '2', '2', 1),
(458, 216, 26, 27, '1', '1', 1),
(459, 217, 156, 156, '2', '1', 0),
(460, 218, 109, 101, '1', 'N', 0),
(461, 218, 115, 100, '1', '1', 1),
(462, 219, 52, 59, '2', 'N', 0),
(463, 219, 44, 55, '1', '1', 1),
(464, 219, 60, 45, '2', 'N', 0),
(465, 220, 90, 98, '1', '1', 1),
(466, 220, 92, 89, '2', '1', 0),
(467, 220, 95, 94, '1', '1', 1),
(468, 221, 66, 75, '0', '0', 1),
(469, 221, 76, 64, '0', '0', 1),
(470, 221, 62, 77, '1', '1', 1),
(471, 221, 63, 73, '1', '1', 1),
(472, 222, 21, 22, '1', '1', 1),
(473, 222, 35, 203, '1', 'N', 0),
(474, 222, 204, 205, '1', '1', 1),
(475, 223, 8, 17, '1', '1', 1),
(476, 224, 52, 59, '0', '0', 1),
(477, 224, 7, 3, '0', '0', 1),
(478, 224, 43, 48, '1', '2', 0),
(479, 225, 16, 11, '0', '0', 1),
(480, 226, 16, 11, '0', '0', 0),
(481, 227, 36, 25, '2', '1', 0),
(482, 227, 40, 28, '2', '2', 1),
(483, 227, 26, 29, '2', '1', 0),
(484, 228, 93, 85, '1', 'N', 0),
(485, 228, 98, 92, '1', '1', 1),
(486, 228, 83, 80, '2', '1', 0),
(487, 229, 198, 41, 'N', '2', 0),
(488, 229, 59, 45, '2', 'N', 0),
(489, 230, 9, 10, 'N', 'N', 1),
(490, 231, 11, 14, '1', '1', 1),
(491, 231, 24, 21, '2', 'N', 0),
(492, 231, 59, 45, '2', 'N', 0),
(493, 232, 68, 63, '2', '2', 1),
(494, 232, 100, 113, '0', '0', 1),
(495, 233, 61, 76, '1', 'N', 0),
(496, 233, 75, 69, '1', 'N', 0),
(497, 233, 70, 62, '2', 'N', 0),
(498, 233, 77, 64, '2', 'N', 0),
(499, 233, 74, 78, '2', 'N', 0),
(500, 234, 79, 93, '1', 'N', 0),
(501, 234, 87, 98, 'N', '1', 0),
(502, 234, 80, 89, 'N', '1', 0),
(503, 235, 41, 44, '1', 'N', 0),
(504, 235, 49, 52, '1', 'N', 0),
(505, 235, 56, 53, '2', '2', 1),
(506, 236, 31, 22, '1', '1', 1),
(507, 236, 21, 23, '1', '1', 1),
(508, 236, 29, 27, '1', '1', 1),
(509, 237, 17, 9, '1', '1', 1),
(510, 237, 12, 4, '1', '1', 1),
(511, 237, 15, 7, '1', '1', 1),
(512, 238, 25, 30, 'N', '1', 0),
(513, 238, 1, 14, '1', 'N', 0),
(514, 238, 6, 20, '1', '2', 0),
(515, 239, 46, 60, '1', '2', 0),
(516, 239, 56, 53, '0', '0', 1),
(517, 240, 45, 59, '1', '1', 1),
(518, 240, 104, 12, '2', '2', 1),
(519, 240, 206, 207, '1', '1', 1),
(520, 240, 10, 3, '1', 'N', 0),
(521, 241, 79, 90, '1', '2', 0),
(522, 242, 45, 59, '1', '1', 1),
(523, 242, 104, 12, '2', '2', 1),
(524, 242, 206, 207, '1', '1', 1),
(525, 242, 209, 208, '2', '2', 1),
(526, 243, 91, 85, '1', '1', 1),
(527, 243, 97, 93, '2', '1', 0),
(528, 243, 156, 156, '2', 'N', 0),
(529, 244, 52, 42, '2', 'N', 0),
(530, 244, 62, 67, '1', '1', 1),
(531, 244, 63, 61, '1', '1', 1),
(532, 245, 37, 31, 'N', '1', 0),
(533, 245, 35, 21, 'N', '2', 0),
(534, 246, 30, 28, '1', '1', 1),
(535, 246, 51, 45, '2', '1', 0),
(536, 247, 2, 9, '2', 'N', 0),
(537, 247, 4, 6, '1', 'N', 0),
(538, 248, 10, 5, '1', '2', 0),
(539, 248, 12, 1, '1', '1', 1),
(540, 248, 16, 18, '1', '1', 1),
(541, 249, 97, 80, '2', '1', 0),
(542, 249, 93, 86, '1', '1', 1),
(543, 249, 89, 94, '1', '2', 0),
(544, 250, 59, 58, '1', '1', 1),
(545, 250, 60, 48, '1', '1', 1),
(546, 250, 44, 56, '1', '2', 0),
(547, 251, 22, 29, '2', '2', 1),
(548, 251, 8, 3, '1', '2', 0),
(549, 251, 14, 15, '2', 'N', 0),
(550, 252, 10, 125, '1', '1', 1),
(551, 252, 61, 45, '0', '0', 1),
(552, 253, 96, 90, '2', 'N', 0),
(553, 253, 6, 15, '2', '2', 1),
(554, 254, 72, 63, '2', '2', 1),
(555, 254, 74, 62, '2', 'N', 0),
(556, 254, 67, 64, '2', '2', 1),
(557, 254, 61, 65, '1', '1', 1),
(558, 255, 85, 79, '2', '2', 1),
(559, 255, 80, 96, '1', '1', 1),
(560, 255, 90, 84, '1', '1', 1),
(561, 255, 95, 91, '1', '1', 1),
(562, 256, 31, 40, '1', 'N', 0),
(563, 256, 32, 30, '2', '2', 1),
(564, 257, 9, 8, '2', '2', 1),
(565, 257, 13, 19, '1', '2', 0),
(566, 258, 211, 34, '2', '2', 1),
(567, 258, 28, 210, '1', '1', 1),
(568, 258, 212, 37, '2', 'N', 0),
(569, 259, 75, 77, '1', '1', 1),
(570, 259, 45, 59, '0', '0', 1),
(571, 260, 3, 10, '0', '0', 1),
(572, 260, 17, 16, '1', '1', 1),
(573, 260, 15, 12, '1', 'N', 0),
(574, 261, 114, 112, '1', 'N', 0),
(575, 262, 214, 144, '2', '1', 0),
(576, 263, 93, 25, '1', '1', 1),
(577, 263, 122, 54, '2', 'N', 0),
(578, 264, 156, 156, '1', '2', 0),
(579, 265, 5, 2, '1', '1', 1),
(580, 265, 17, 9, '1', '1', 1),
(581, 265, 18, 8, '2', '2', 1),
(582, 266, 145, 62, '2', '1', 0),
(583, 266, 11, 89, '1', '1', 1),
(584, 267, 30, 141, '1', '2', 0),
(585, 267, 41, 134, '1', '1', 1),
(586, 267, 59, 34, '1', '1', 1),
(587, 267, 75, 142, '1', '1', 1),
(588, 267, 129, 225, '1', '1', 1),
(589, 268, 78, 68, '1', '2', 0),
(590, 268, 76, 74, '1', '1', 1),
(591, 268, 62, 75, '0', '0', 0),
(592, 269, 1, 6, '1', '1', 1),
(593, 269, 7, 13, '1', '1', 1),
(594, 269, 12, 3, '0', '0', 1),
(595, 270, 50, 56, '1', '1', 1),
(596, 270, 59, 46, '1', '2', 0),
(597, 271, 10, 15, '0', '0', 1),
(598, 271, 79, 90, '1', 'N', 0),
(599, 271, 216, 144, '2', 'N', 0),
(600, 272, 59, 46, '1', '2', 0),
(601, 272, 42, 45, '2', '2', 1),
(602, 272, 53, 54, '2', '2', 1),
(603, 273, 190, 28, '2', 'N', 0),
(604, 273, 19, 18, '1', '1', 1),
(605, 273, 16, 8, '0', '0', 0),
(606, 274, 21, 37, '0', '0', 0),
(607, 274, 32, 30, '2', '2', 1),
(608, 275, 62, 75, '0', '0', 0),
(609, 275, 63, 71, '1', '1', 1),
(610, 276, 91, 87, '1', '1', 1),
(611, 276, 93, 89, '1', '1', 1),
(612, 277, 86, 85, '1', '1', 0),
(613, 277, 83, 92, '1', '2', 0),
(614, 277, 84, 94, '1', '1', 1),
(615, 278, 115, 116, '1', '2', 0),
(616, 279, 181, 161, '1', '2', 0),
(617, 279, 172, 162, '1', '2', 0),
(618, 279, 157, 163, '0', '0', 1),
(619, 280, 8, 2, '1', 'N', 0),
(620, 280, 11, 19, '1', '2', 0),
(621, 280, 17, 7, '1', '2', 0),
(622, 281, 104, 115, '2', 'N', 0),
(623, 281, 112, 105, '2', 'N', 0),
(624, 281, 117, 118, '2', '2', 1),
(625, 282, 102, 103, '1', '1', 1),
(626, 282, 116, 113, '1', 'N', 0),
(627, 283, 13, 10, '2', '1', 0),
(628, 284, 55, 51, '2', 'N', 0),
(629, 284, 47, 50, '2', '2', 1),
(630, 285, 95, 79, 'N', '2', 0),
(631, 285, 90, 86, '1', 'N', 0),
(632, 286, 72, 78, '2', '1', 0),
(633, 286, 74, 75, '2', '1', 0),
(634, 286, 71, 65, '1', 'N', 0),
(635, 287, 21, 79, '1', '1', 1),
(636, 288, 21, 79, '0', '0', 0),
(637, 289, 21, 31, '1', '1', 1),
(638, 289, 111, 102, '0', '0', 1),
(639, 290, 62, 145, '1', '1', 1),
(640, 290, 89, 11, '1', '1', 1),
(641, 290, 28, 26, '1', '1', 1),
(642, 291, 26, 35, '2', 'N', 0),
(643, 292, 25, 93, '1', '1', 1),
(644, 292, 54, 122, '1', '1', 1),
(645, 292, 41, 30, '2', '1', 0),
(646, 293, 70, 74, '1', '2', 0),
(647, 293, 68, 77, '0', '0', 0),
(648, 293, 67, 75, '2', '2', 1),
(649, 294, 96, 79, '2', '2', 1),
(650, 294, 87, 90, '2', '2', 1),
(651, 295, 41, 59, '2', '2', 1),
(652, 295, 55, 42, 'N', '1', 0),
(653, 296, 49, 60, '1', '1', 1),
(654, 296, 56, 51, '2', 'N', 0),
(655, 297, 5, 15, '2', 'N', 0),
(656, 297, 13, 12, '2', '1', 0),
(657, 298, 3, 1, '1', 'N', 0),
(658, 298, 11, 6, '1', '2', 0),
(659, 298, 17, 10, 'N', '2', 0),
(660, 299, 40, 30, '2', '2', 1),
(661, 299, 31, 32, '1', '1', 1),
(662, 300, 89, 81, '1', 'N', 0),
(663, 300, 92, 95, '1', 'N', 0),
(664, 300, 98, 93, '1', '1', 1),
(665, 301, 18, 14, '0', '0', 1),
(666, 301, 8, 20, '1', '1', 1),
(667, 302, 110, 115, '1', '2', 0),
(668, 302, 44, 52, '0', '0', 1),
(669, 303, 90, 79, '1', '2', 0),
(670, 303, 93, 97, '1', '1', 1),
(671, 303, 64, 62, '2', 'N', 0),
(672, 304, 226, 11, '2', '1', 0),
(673, 304, 51, 47, '1', 'N', 0),
(674, 304, 227, 63, '2', 'N', 0),
(675, 305, 20, 16, '0', '0', 1),
(676, 305, 1, 9, '0', '0', 0),
(677, 306, 10, 18, '1', '1', 1),
(678, 306, 12, 17, '1', '1', 1),
(679, 307, 54, 57, '0', '0', 1),
(680, 307, 55, 45, '0', '0', 1),
(681, 307, 47, 59, '2', '1', 0),
(682, 308, 79, 80, '1', '1', 1),
(683, 308, 95, 98, '1', 'N', 0),
(684, 309, 78, 65, '1', 'N', 0),
(685, 309, 69, 72, '1', '2', 0),
(686, 309, 64, 73, '1', '2', 0),
(687, 310, 25, 37, '1', 'N', 0),
(688, 310, 21, 22, '1', '1', 1),
(689, 310, 34, 29, '2', 'N', 0),
(690, 311, 6, 5, '1', '1', 1),
(691, 311, 19, 2, '1', '1', 1),
(692, 311, 15, 3, '1', 'N', 0),
(693, 312, 91, 83, '1', '1', 1),
(694, 312, 90, 89, '1', '1', 1),
(695, 313, 76, 68, '1', '1', 1),
(696, 313, 66, 63, '2', '2', 1),
(697, 314, 49, 51, 'N', '2', 0),
(698, 314, 44, 50, '2', '2', 1),
(699, 315, 41, 58, '1', 'N', 0),
(700, 315, 53, 60, 'N', 'N', 0),
(701, 316, 38, 31, '1', '2', 0),
(702, 317, 125, 54, '2', '2', 1),
(703, 317, 144, 25, '1', '2', 0),
(704, 317, 37, 24, '1', 'N', 0),
(705, 318, 11, 62, '2', '2', 1),
(706, 318, 79, 45, '0', '0', 0),
(707, 319, 17, 14, '1', 'N', 0),
(708, 319, 3, 6, '1', '2', 0),
(709, 320, 13, 15, 'N', '1', 0),
(710, 321, 58, 56, 'N', '2', 0),
(711, 321, 50, 43, '1', '2', 0),
(712, 322, 96, 91, '2', '1', 0),
(713, 322, 84, 79, 'N', 'N', 1),
(714, 323, 23, 30, '2', '2', 1),
(715, 323, 33, 21, '2', '1', 0),
(716, 323, 37, 36, '1', '1', 1),
(717, 324, 61, 74, '1', '2', 0),
(718, 324, 68, 62, '2', '2', 1),
(719, 325, 42, 47, '1', '1', 1),
(720, 325, 59, 49, '1', 'N', 0),
(721, 326, 89, 88, '1', '1', 1),
(722, 326, 90, 93, '1', '1', 1),
(723, 326, 80, 94, '1', '1', 1),
(724, 327, 71, 64, '1', '1', 1),
(725, 327, 73, 75, '2', 'N', 0),
(726, 328, 8, 19, '1', '1', 1),
(727, 328, 5, 1, '1', 'N', 0),
(728, 328, 16, 10, '2', 'N', 0),
(729, 329, 62, 11, '0', '0', 0),
(730, 329, 45, 79, '0', '0', 1),
(731, 330, 25, 144, 'N', '1', 0),
(732, 331, 15, 11, '1', '1', 1),
(733, 331, 37, 32, '1', '2', 0),
(734, 331, 31, 24, '1', '1', 1),
(735, 332, 69, 66, '1', '1', 1),
(736, 332, 65, 76, '2', '2', 1),
(737, 333, 86, 79, '2', '2', 1),
(738, 333, 23, 28, '2', '2', 1),
(739, 334, 63, 62, '2', '1', 0),
(740, 334, 61, 67, '1', '1', 1),
(741, 335, 59, 53, '1', '1', 1),
(742, 335, 42, 54, '2', '2', 1),
(743, 336, 58, 49, '2', '1', 0),
(744, 336, 60, 50, '2', '1', 0),
(745, 337, 39, 30, '2', '1', 0),
(746, 337, 29, 38, '1', '1', 1),
(747, 337, 40, 21, '2', '2', 1),
(748, 338, 93, 81, '1', '2', 0),
(749, 338, 87, 95, '1', 'N', 0),
(750, 338, 90, 91, '1', '1', 1),
(751, 339, 226, 16, '2', '1', 0),
(752, 339, 11, 12, '2', '2', 1),
(753, 340, 52, 55, '1', '2', 0),
(754, 340, 43, 56, '1', '1', 1),
(755, 341, 105, 100, '1', '2', 0),
(756, 341, 117, 111, '1', '2', 0),
(757, 342, 10, 11, '1', 'N', 0),
(758, 343, 13, 3, '1', 'N', 0),
(759, 344, 2, 15, '2', '2', 1),
(760, 344, 8, 1, '1', '1', 1),
(761, 344, 9, 12, '2', '1', 0),
(762, 345, 25, 45, '0', '0', 0),
(763, 346, 25, 45, '0', '0', 0),
(764, 347, 129, 41, '1', '1', 1),
(765, 347, 42, 59, '1', '1', 1),
(766, 348, 99, 107, '2', '2', 1),
(767, 348, 101, 116, '1', 'N', 0),
(768, 348, 103, 105, '2', 'N', 0),
(769, 349, 111, 112, '1', '2', 0),
(770, 349, 113, 109, '1', '1', 1),
(771, 350, 45, 54, '1', '2', 0),
(772, 350, 90, 80, '1', '1', 1),
(773, 351, 10, 9, '1', '1', 1),
(774, 351, 12, 20, '1', '1', 1),
(775, 351, 15, 18, '1', '1', 1),
(776, 352, 13, 17, '1', '1', 1),
(777, 353, 12, 8, '1', '1', 1),
(778, 353, 15, 16, '1', '1', 1),
(779, 354, 228, 229, '1', '1', 1),
(780, 355, 62, 25, '1', 'N', 0),
(781, 356, 2, 12, '2', '2', 1),
(782, 356, 9, 15, '2', '2', 1),
(783, 357, 17, 3, '1', '2', 0),
(784, 357, 19, 1, '1', '2', 0),
(785, 358, 10, 14, '1', '2', 0),
(786, 358, 16, 6, '1', '1', 1),
(787, 359, 90, 93, '1', '2', 0),
(788, 360, 230, 231, '0', '0', 0),
(789, 361, 233, 179, '1', 'N', 0),
(790, 361, 232, 169, '1', '1', 1),
(796, 365, 235, 231, '0', '0', 1),
(795, 364, 158, 172, '1', 'N', 0),
(793, 363, 163, 234, '1', '2', 0),
(794, 363, 181, 177, '1', '1', 1),
(797, 366, 161, 157, '0', '0', 0),
(798, 367, 161, 157, '1', 'N', 0),
(799, 368, 233, 232, '2', 'N', 0),
(800, 369, 161, 236, '1', '1', 1),
(801, 370, 13, 4, '1', '1', 1),
(802, 370, 15, 9, '1', 'N', 0),
(803, 371, 16, 10, 'N', '2', 0),
(804, 371, 17, 8, '2', '2', 1),
(805, 372, 156, 156, '0', '0', 0),
(806, 373, 14, 8, '2', 'N', 1),
(807, 373, 115, 18, '1', '1', 1),
(808, 374, 20, 1, '0', '0', 0),
(809, 375, 10, 20, '1', 'N', 0),
(810, 375, 19, 115, '1', '2', 0),
(811, 376, 8, 15, 'N', '1', 0),
(812, 377, 23, 26, 'N', 'N', 1),
(813, 377, 29, 30, '1', '1', 1),
(814, 378, 42, 47, '2', '2', 0),
(815, 378, 45, 48, 'N', 'N', 1),
(816, 379, 1, 2, 'N', 'N', 1),
(817, 379, 6, 11, '2', '2', 1),
(818, 380, 188, 83, 'N', 'N', 1),
(819, 380, 87, 88, 'N', 'N', 1);

-- --------------------------------------------------------

--
-- Structure de la table `pari`
--

CREATE TABLE IF NOT EXISTS `pari` (
  `id_pari` int(11) NOT NULL AUTO_INCREMENT,
  `date` date NOT NULL,
  `id_type_pari` int(11) NOT NULL,
  `mise` int(11) NOT NULL,
  `cote` float NOT NULL,
  `commentaire` text CHARACTER SET utf8 COLLATE utf8_bin NOT NULL,
  `termine` tinyint(1) NOT NULL DEFAULT '0',
  `reussite` tinyint(1) DEFAULT NULL,
  `id_championnat` int(11) NOT NULL,
  PRIMARY KEY (`id_pari`)
) ENGINE=MyISAM  DEFAULT CHARSET=latin1 AUTO_INCREMENT=381 ;

--
-- Contenu de la table `pari`
--

INSERT INTO `pari` (`id_pari`, `date`, `id_type_pari`, `mise`, `cote`, `commentaire`, `termine`, `reussite`, `id_championnat`) VALUES
(1, '2011-10-16', 1, 2, 1.9, '', 1, 1, 1),
(2, '2011-10-16', 2, 2, 2.2, '', 1, 0, 6),
(3, '2011-10-19', 2, 1, 3.02, '', 1, 0, 6),
(4, '2011-10-19', 2, 5, 1.79, '', 1, 0, 6),
(5, '2011-10-20', 2, 1, 2.99, '', 1, 0, 7),
(6, '2011-10-20', 2, 2, 1.95, '', 1, 0, 7),
(7, '2011-10-22', 1, 1, 1.5, '', 1, 1, 2),
(8, '2011-10-22', 1, 1, 2, '', 1, 0, 2),
(9, '2011-10-22', 1, 1, 1.68, '', 1, 0, 2),
(10, '2011-10-22', 1, 1, 2.6, '', 1, 1, 1),
(11, '2011-10-22', 1, 1, 2.35, '', 1, 1, 1),
(12, '2011-10-22', 2, 2, 2.89, '', 1, 0, 1),
(13, '2011-10-23', 1, 1, 1.5, '', 1, 1, 2),
(14, '2011-10-23', 1, 1, 1.95, '', 1, 0, 2),
(15, '2011-10-23', 1, 5, 1.25, '', 1, 1, 1),
(16, '2011-10-25', 1, 1, 1.4, '', 1, 1, 12),
(17, '2011-10-26', 1, 1, 1.75, '', 1, 0, 12),
(18, '2011-10-26', 1, 1, 1.85, '', 1, 0, 12),
(19, '2011-10-26', 3, 1, 1.12, '', 1, 1, 12),
(20, '2011-10-26', 4, 1, 4.72, '', 1, 0, 10),
(21, '2011-10-26', 1, 1, 1.35, '', 1, 1, 12),
(22, '2011-10-26', 2, 1, 2.15, '', 1, 0, 3),
(23, '2011-10-27', 3, 1, 1.65, '', 1, 1, 9),
(24, '2011-10-27', 3, 1, 2.25, '', 1, 1, 9),
(25, '2011-10-27', 3, 1, 2, '', 1, 0, 3),
(26, '2011-10-28', 1, 1, 2.3, '', 1, 1, 3),
(27, '2011-10-28', 2, 1, 7.03, '', 1, 0, 8),
(28, '2011-10-29', 2, 1, 4.11, '', 1, 0, 2),
(30, '2011-10-29', 2, 1, 17.09, '', 1, 1, 4),
(31, '2011-10-29', 3, 1, 1.48, '', 1, 1, 5),
(32, '2011-10-29', 2, 1, 6.07, '', 1, 1, 1),
(33, '2011-10-30', 2, 1, 3.76, '', 1, 0, 5),
(34, '2011-10-30', 3, 1, 3.6, '', 1, 0, 1),
(35, '2011-10-30', 1, 1, 2.15, '', 1, 0, 1),
(36, '2011-10-30', 1, 1, 1.6, '', 1, 0, 3),
(37, '2011-10-31', 1, 1, 2.2, '', 1, 1, 8),
(38, '2011-10-31', 2, 1, 3.29, '', 1, 0, 3),
(39, '2011-10-31', 2, 1, 4.2, '', 1, 0, 10),
(40, '2011-11-01', 1, 1, 1.65, '+/- 2,5 buts  :  3 buts ou plus', 1, 0, 6),
(41, '2011-11-01', 2, 1, 2.28, '', 1, 0, 6),
(42, '2011-11-01', 1, 1, 1.85, '+/- 2,5 buts  :  3 buts ou plus', 1, 1, 6),
(43, '2011-11-02', 2, 5, 2.38, '', 1, 1, 6),
(44, '2011-11-02', 2, 1, 1.6, '', 1, 0, 6),
(45, '2011-11-02', 1, 1, 3.5, '', 1, 0, 6),
(46, '2011-11-03', 2, 1, 2.29, '', 1, 0, 7),
(47, '2011-11-03', 2, 1, 1.78, '', 1, 1, 7),
(48, '2011-11-04', 2, 1, 6.12, '', 1, 0, 4),
(49, '2011-11-05', 1, 1, 2.05, '', 1, 0, 8),
(50, '2011-11-05', 2, 1, 4.54, '', 1, 0, 4),
(51, '2011-11-05', 2, 1, 3.93, '', 1, 0, 2),
(52, '2011-11-05', 2, 1, 2.59, '', 1, 0, 10),
(53, '2011-11-05', 2, 1, 24.03, '', 1, 0, 10),
(54, '2011-11-05', 2, 1, 5.25, '', 1, 0, 8),
(55, '2011-11-05', 2, 1, 2.84, '', 1, 0, 1),
(56, '2011-11-06', 2, 1, 2.02, '', 1, 1, 10),
(57, '2011-11-06', 2, 1, 3.57, '', 1, 0, 1),
(58, '2011-11-06', 2, 1, 2.14, '', 1, 1, 4),
(59, '2011-11-06', 2, 1, 4.14, '', 1, 0, 3),
(60, '2011-11-09', 2, 1, 2.14, '', 1, 0, 9),
(61, '2011-11-09', 2, 1, 3.05, '', 1, 0, 11),
(62, '2011-11-09', 2, 1, 2.11, '', 1, 0, 11),
(63, '2011-11-11', 2, 1, 3.63, '', 1, 1, 11),
(64, '2011-11-15', 2, 1, 2.72, '', 1, 0, 11),
(65, '2011-11-15', 2, 1, 3.03, '', 1, 0, 11),
(66, '2011-11-15', 2, 1, 3.42, '', 1, 0, 11),
(67, '2011-11-15', 1, 1, 1.52, '3 buts ou plus', 1, 1, 11),
(68, '2011-11-15', 2, 1, 3.79, '', 1, 1, 11),
(69, '2011-11-15', 3, 1, 1.48, '', 1, 0, 11),
(70, '2011-11-12', 2, 1, 2.15, '', 1, 1, 9),
(71, '2011-11-01', 2, 1, 2.23, '', 1, 0, 6),
(72, '2011-11-01', 2, 1, 2.08, '', 1, 0, 6),
(73, '2011-11-18', 2, 1, 4.93, '', 1, 0, 1),
(74, '2011-11-19', 1, 1, 2.1, '+/- 3,5 buts : 4 buts ou plus', 1, 1, 2),
(75, '2011-11-19', 2, 1, 2.82, '', 1, 1, 2),
(76, '2011-11-19', 2, 1, 2.81, '', 1, 0, 2),
(77, '2011-11-19', 2, 1, 3.7, '+/- 2,5 buts : 3 buts ou plus ', 1, 0, 1),
(78, '2011-11-19', 2, 1, 4.04, '', 1, 0, 10),
(79, '2011-11-19', 2, 1, 3.08, '', 1, 0, 5),
(80, '2011-11-20', 2, 1, 2.33, '', 1, 0, 10),
(81, '2011-11-20', 3, 1, 1.85, '', 1, 0, 5),
(82, '2011-11-20', 2, 1, 2.83, '', 1, 1, 10),
(83, '2011-11-20', 1, 1, 1.95, '+/- 2,5 buts : 3 buts ou plus', 1, 0, 1),
(84, '2011-11-22', 2, 1, 2.01, 'Naples ou Nul', 1, 1, 6),
(85, '2011-11-22', 2, 1, 2.88, '', 1, 0, 6),
(86, '2011-11-22', 2, 1, 2.2, 'Nul ou Lille\r\nTrabzonspor ou Nul', 1, 1, 6),
(87, '2011-11-22', 1, 1, 2.5, '', 1, 1, 8),
(88, '2011-11-23', 1, 1, 3.15, '', 1, 0, 6),
(89, '2011-11-23', 1, 1, 2.15, '', 1, 0, 6),
(90, '2011-11-23', 2, 1, 2.52, 'Nul ou Porto', 1, 0, 6),
(91, '2011-11-23', 2, 1, 2.53, 'Arsenal ou Nul\r\nNul ou Barcelone', 1, 0, 6),
(92, '2011-11-23', 2, 1, 3.25, '', 1, 1, 6),
(93, '2011-11-24', 2, 1, 2.1, 'Coupe d''Italie', 1, 0, 12),
(94, '2011-11-24', 3, 1, 1.52, '', 1, 1, 9),
(95, '2011-11-25', 2, 1, 2.71, 'Chateauroux ou Nul - Nantes ou Nul', 1, 0, 8),
(96, '2011-11-25', 1, 1, 2.2, '', 1, 1, 5),
(97, '2011-11-25', 1, 1, 2.1, '', 1, 1, 4),
(98, '2011-11-25', 2, 1, 5.2, 'Hockey sur glace', 1, 0, 9),
(99, '2011-11-26', 2, 1, 5.17, '', 1, 0, 2),
(100, '2011-11-26', 1, 1, 3, 'Nul ou Newcastle', 1, 1, 2),
(101, '2011-11-26', 2, 1, 3.42, '', 1, 1, 1),
(102, '2011-11-26', 2, 1, 2.96, '', 1, 0, 1),
(103, '2011-11-26', 2, 1, 3.83, '4 buts ou plus', 1, 0, 3),
(104, '2011-11-26', 2, 1, 5.18, 'Atalanta ou Nul\r\n+/- 2,5 buts : 0-2 buts', 1, 0, 5),
(105, '2011-11-26', 2, 1, 2.55, 'Dortmund ou Nul - \r\nNul ou Wolfsburg', 1, 0, 4),
(106, '2011-11-26', 2, 1, 2.36, 'Toulouse ou Nul - \r\nHanovre ou Nul', 1, 0, 10),
(107, '2011-11-26', 2, 1, 2.09, 'Messi buteur\r\nHockey sur Glace', 1, 0, 9),
(108, '2011-11-27', 2, 1, 2.31, 'Nul ou Manchester - \r\nNul ou Aston Villa', 1, 1, 2),
(109, '2011-11-27', 2, 1, 3.04, '', 1, 1, 10),
(110, '2011-11-27', 2, 1, 2.16, 'Werder ou Nul - \r\nNul ou Lyon', 1, 0, 10),
(111, '2011-11-27', 2, 1, 2.05, 'Nul ou Inter - \r\nCagliari ou Nul', 1, 1, 5),
(112, '2011-11-27', 2, 1, 4.66, '', 1, 0, 3),
(113, '2011-11-27', 2, 1, 2.62, '', 1, 0, 3),
(114, '2011-11-28', 1, 2, 1.75, '', 1, 1, 3),
(115, '2011-11-29', 2, 1, 2.61, '+/- 3,5 buts : 4 buts ou plus', 1, 0, 9),
(116, '2011-11-29', 2, 1, 2.25, 'Nul ou Juventus', 1, 0, 9),
(117, '2011-11-29', 2, 1, 2.09, 'Arsenal ou Nul\r\nCardiff ou Nul', 1, 0, 12),
(118, '2011-11-29', 2, 1, 2.1, '', 1, 0, 12),
(119, '2011-11-30', 1, 10, 1.4, '', 1, 0, 7),
(120, '2011-11-30', 2, 1, 3.3, 'Rennes ou Nul', 1, 0, 7),
(121, '2011-12-01', 2, 1, 7.13, 'Larnaka ou Nul', 1, 0, 7),
(122, '2011-12-01', 2, 1, 2.77, 'Nul ou Paris -\r\nNul ou Lazio', 1, 0, 7),
(123, '2011-12-02', 1, 1, 2, '', 1, 1, 1),
(124, '2011-12-02', 2, 1, 6.33, '', 1, 0, 8),
(125, '2011-12-02', 2, 1, 3.39, 'Nul ou Clermont - \r\nNul ou Metz - \r\nArles ou Nul', 1, 1, 8),
(126, '2011-12-02', 2, 1, 2.94, '', 1, 1, 10),
(127, '2011-12-03', 2, 1, 7.43, '', 1, 0, 1),
(128, '2011-12-03', 2, 1, 4.46, '', 1, 1, 1),
(129, '2011-12-03', 2, 1, 2.95, 'Nul ou Le Havre', 1, 1, 8),
(130, '2011-12-03', 2, 1, 3.14, 'Newcastle ou Nul', 1, 0, 2),
(131, '2011-12-03', 2, 1, 17.85, '', 1, 0, 4),
(132, '2011-12-03', 2, 1, 2.01, '', 1, 1, 10),
(133, '2011-12-03', 2, 1, 2.56, 'Dijon ou Nul - \r\nBrest ou Nul', 1, 1, 1),
(134, '2011-12-03', 2, 1, 2.34, 'Nul ou Udinese', 1, 1, 5),
(135, '2011-12-04', 2, 1, 2.62, 'Nul ou Malaga', 1, 0, 3),
(136, '2011-12-04', 2, 1, 2.23, '', 1, 1, 10),
(137, '2011-12-04', 2, 1, 2.51, '', 1, 0, 10),
(138, '2011-12-05', 1, 1, 2, '', 1, 0, 2),
(139, '2011-12-06', 2, 1, 6.12, '', 1, 0, 6),
(140, '2011-12-07', 2, 1, 6.59, '', 1, 0, 6),
(141, '2011-12-07', 2, 1, 2.3, '', 1, 0, 6),
(142, '2011-12-09', 1, 1, 2.35, '', 1, 1, 4),
(143, '2011-12-10', 2, 1, 2.88, '', 1, 0, 1),
(144, '2011-12-10', 1, 1, 3.2, '', 1, 1, 1),
(145, '2011-12-10', 2, 1, 2.07, 'Real ou Nul - \r\nLevante ou Seville\r\n\r\n', 1, 0, 3),
(146, '2011-12-10', 2, 1, 2.4, '', 1, 0, 2),
(147, '2011-12-10', 2, 1, 2.87, '', 1, 0, 4),
(148, '2011-12-10', 2, 1, 2.96, '', 1, 0, 5),
(149, '2011-12-11', 2, 1, 1.85, '', 1, 0, 4),
(150, '2011-12-11', 2, 1, 3.76, '', 1, 0, 5),
(151, '2011-12-11', 1, 1, 1.95, '', 1, 0, 2),
(152, '2011-12-11', 2, 1, 2.19, 'Nul ou Lyon - \r\n+/- 2,5 buts : 3 buts ou plus', 1, 0, 1),
(153, '2011-12-11', 2, 1, 2.66, '', 1, 0, 10),
(154, '2011-12-11', 1, 1, 2.5, '', 1, 1, 1),
(155, '2011-12-12', 2, 1, 8.39, '', 1, 0, 10),
(156, '2011-12-13', 2, 1, 5.52, '', 1, 0, 10),
(157, '2011-12-14', 2, 1, 2.64, '', 1, 1, 7),
(158, '2011-12-15', 2, 1, 1.96, '', 1, 1, 7),
(159, '2011-12-16', 2, 1, 2.4, 'Nul ou Guimgamp - \r\nNul ou Reims', 1, 0, 8),
(160, '2011-12-16', 2, 1, 2.55, '', 1, 0, 8),
(161, '2011-12-17', 2, 1, 3.06, '', 1, 0, 8),
(162, '2011-12-17', 2, 1, 4.03, '', 1, 0, 1),
(163, '2011-12-17', 2, 1, 2.33, '', 1, 0, 2),
(164, '2011-12-17', 2, 1, 3.15, 'Nul ou Espanyol', 1, 1, 3),
(165, '2011-12-17', 2, 1, 2.59, '', 1, 1, 5),
(166, '2011-12-17', 2, 1, 3.81, '', 1, 0, 4),
(167, '2011-12-18', 2, 1, 3.19, '', 1, 1, 2),
(168, '2011-12-18', 2, 1, 2.25, 'Nul ou Levante', 1, 0, 3),
(169, '2011-12-20', 1, 1, 1.9, 'Nancy ou Nul', 1, 0, 1),
(170, '2011-12-21', 2, 1, 2.33, 'Nul ou Lyon', 1, 0, 1),
(171, '2011-12-21', 2, 1, 3.22, '', 1, 0, 1),
(172, '2011-12-21', 2, 1, 8.7, '', 1, 0, 1),
(173, '2011-12-22', 1, 1, 2.45, '', 1, 0, 2),
(174, '2011-12-26', 2, 1, 2.27, '', 1, 0, 2),
(175, '2011-12-27', 2, 1, 2.29, '', 1, 0, 2),
(176, '2012-01-04', 2, 1, 2.48, '', 1, 0, 2),
(177, '2012-01-07', 2, 1, 4.51, '', 1, 0, 3),
(178, '2012-01-07', 1, 1, 2.1, '', 1, 0, 12),
(179, '2012-01-08', 1, 1, 2.3, '', 1, 0, 12),
(180, '2012-01-08', 2, 1, 2.03, '', 1, 1, 5),
(181, '2012-01-08', 2, 1, 2.7, '', 1, 0, 3),
(182, '2012-01-08', 1, 1, 3.25, '', 1, 0, 12),
(183, '2012-01-08', 1, 1, 1.6, 'Palerme ou Nul', 1, 0, 5),
(184, '2012-01-11', 2, 1, 4.18, '', 1, 0, 12),
(185, '2012-01-10', 3, 1, 1.48, '', 1, 1, 12),
(186, '2012-01-11', 2, 1, 2.81, '', 1, 0, 12),
(187, '2012-01-10', 3, 1, 1.55, '+ de 1,5 buts', 1, 0, 12),
(188, '2012-01-11', 1, 4, 2.25, '', 1, 1, 12),
(189, '2012-01-12', 3, 1, 3.65, '', 1, 0, 12),
(190, '2012-01-13', 2, 1, 2.84, 'Nantes ou Nul', 1, 0, 8),
(191, '2012-01-14', 2, 1, 4.52, '', 1, 0, 2),
(192, '2012-01-14', 2, 1, 8.27, '', 1, 0, 1),
(193, '2012-01-14', 2, 1, 3.33, '', 1, 1, 1),
(194, '2012-01-15', 2, 1, 2.81, '', 1, 0, 2),
(195, '2012-01-15', 2, 1, 2.3, '', 1, 0, 5),
(196, '2012-01-15', 2, 1, 3.55, '', 1, 0, 5),
(197, '2012-01-15', 2, 1, 2.6, '', 1, 0, 5),
(198, '2012-01-16', 3, 1, 2.75, '', 1, 1, 5),
(199, '2012-01-17', 1, 1, 1.3, '', 1, 1, 12),
(200, '2012-01-17', 2, 1, 2.02, '', 1, 1, 12),
(201, '2012-01-18', 2, 1, 2.18, 'Real ou Nul', 1, 0, 12),
(202, '2012-01-18', 2, 1, 3.99, 'Nul ou Reims\r\nNul ou Clermont', 1, 0, 8),
(203, '2012-01-19', 1, 1, 4.1, '', 1, 0, 12),
(204, '2012-01-20', 1, 1, 3.76, 'Euro Hommes Handball', 1, 0, 9),
(205, '2012-01-21', 2, 1, 2.45, '', 1, 0, 2),
(206, '2012-01-22', 2, 1, 2.48, '', 1, 1, 3),
(207, '2012-01-21', 2, 1, 2.87, '', 1, 1, 5),
(208, '2012-01-21', 2, 1, 3.2, '', 1, 0, 12),
(209, '2012-01-21', 2, 1, 3.22, '', 1, 0, 12),
(210, '2012-01-28', 2, 1, 5.85, '', 1, 1, 1),
(211, '2012-01-24', 2, 1, 7.8, '', 1, 0, 12),
(212, '2012-01-24', 2, 1, 2.89, 'Handball Coupe du Monde', 1, 0, 9),
(213, '2012-01-25', 1, 1, 1.5, '', 1, 0, 12),
(214, '2012-01-25', 2, 1, 7.13, '', 1, 0, 12),
(215, '2012-01-26', 1, 1, 3.4, '', 1, 0, 12),
(216, '2012-01-27', 2, 1, 5.7, '', 1, 1, 10),
(217, '2012-01-29', 1, 1, 2.1, 'Djokovic - Nadal', 1, 0, 9),
(218, '2012-01-28', 2, 1, 3.12, '', 1, 0, 8),
(219, '2012-01-28', 2, 1, 4.63, '', 1, 0, 3),
(220, '2012-01-28', 2, 1, 3.53, '', 1, 0, 5),
(221, '2012-01-28', 2, 1, 2.61, 'Nul ou Schalke - Nul ou MGladbach', 1, 1, 4),
(222, '2012-01-28', 2, 1, 3.2, '', 1, 0, 12),
(223, '2012-01-28', 3, 1, 1.55, '', 1, 1, 1),
(224, '2012-01-29', 2, 1, 2.84, 'Nul ou Valence - Evian ou Nul - ', 1, 0, 10),
(225, '2012-01-29', 1, 1, 1.75, 'Nul mi-temps', 1, 1, 1),
(226, '2012-01-29', 1, 1, 1.42, 'Rennes ou Nul', 1, 0, 1),
(227, '2012-01-31', 2, 1, 5.15, '', 1, 0, 2),
(228, '2012-02-01', 2, 1, 4.28, '', 1, 0, 5),
(229, '2012-02-01', 2, 1, 5.12, '', 1, 0, 12),
(230, '2012-01-31', 1, 1, 3, '', 1, 1, 12),
(231, '2012-02-01', 2, 1, 3.7, '', 1, 0, 10),
(232, '2012-02-03', 2, 1, 1.55, 'Match Monaco Annulé', 1, 1, 10),
(233, '2012-02-04', 2, 1, 20.27, '', 1, 0, 4),
(234, '2012-02-04', 2, 1, 15.35, '', 1, 0, 5),
(235, '2012-02-04', 2, 1, 10.17, '', 1, 0, 3),
(236, '2012-02-04', 2, 1, 2.9, '', 1, 1, 2),
(237, '2012-02-04', 2, 1, 2, 'St-Etienne annulé', 1, 1, 1),
(238, '2012-02-04', 2, 1, 18.03, '', 1, 0, 10),
(239, '2012-02-05', 2, 1, 2.59, 'Nul ou Vallecano', 1, 0, 3),
(240, '2012-02-08', 2, 1, 7, '', 1, 0, 12),
(241, '2012-02-08', 1, 1, 2, '', 1, 0, 12),
(242, '2012-02-08', 2, 1, 5.78, '', 1, 1, 10),
(243, '2012-02-09', 2, 1, 5.32, 'D2 Portugaise', 1, 0, 10),
(244, '2012-02-11', 2, 1, 2.98, '', 1, 0, 10),
(245, '2012-02-11', 2, 1, 13.2, '', 1, 0, 2),
(246, '2012-02-11', 2, 1, 2.29, '', 1, 0, 10),
(247, '2012-02-11', 2, 1, 5.55, '', 1, 0, 1),
(248, '2012-02-11', 2, 1, 2.51, '', 1, 0, 1),
(249, '2012-02-12', 2, 1, 3.83, '', 1, 0, 5),
(250, '2012-02-12', 2, 1, 3.14, '', 1, 0, 3),
(251, '2012-02-12', 2, 1, 4.95, '', 1, 0, 10),
(252, '2012-02-14', 2, 5, 2.13, 'Bayer - Barça : +2,5 Buts ', 1, 1, 6),
(253, '2012-02-15', 2, 1, 2.89, '', 1, 0, 10),
(254, '2012-02-18', 2, 1, 5.88, '', 1, 0, 4),
(255, '2012-02-18', 2, 1, 6.88, '', 1, 1, 5),
(256, '2012-02-25', 2, 1, 2.25, '', 1, 0, 2),
(257, '2012-02-18', 2, 1, 5.28, '', 1, 0, 1),
(258, '2012-02-19', 2, 1, 2.66, '', 1, 0, 12),
(259, '2012-02-19', 2, 1, 2.48, 'Valence marque', 1, 1, 10),
(260, '2012-02-19', 2, 1, 5.83, 'Bordeaux ou Nul', 1, 0, 1),
(261, '2012-02-20', 1, 5, 1.95, '', 1, 0, 8),
(262, '2012-02-20', 1, 1, 1.52, '', 1, 0, 13),
(263, '2012-02-21', 2, 5, 3.2, '', 1, 0, 6),
(264, '2012-02-20', 1, 1, 6.1, '', 1, 0, 9),
(265, '2012-02-22', 2, 1, 6.68, '', 1, 1, 1),
(266, '2012-02-22', 2, 5, 3.41, '', 1, 0, 6),
(267, '2012-02-23', 2, 1, 4.55, '', 1, 0, 7),
(268, '2012-02-25', 2, 1, 7.68, 'Nul ou Schalke', 1, 0, 4),
(269, '2012-02-25', 2, 1, 5.4, 'Mont ou Nul', 1, 1, 1),
(270, '2012-02-25', 2, 1, 2.49, '', 1, 0, 3),
(271, '2012-02-25', 4, 1, 3.2, '+6.5 buts', 1, 0, 10),
(272, '2012-02-26', 2, 1, 3.37, '', 1, 0, 3),
(273, '2012-02-26', 2, 1, 3.84, '3 buts ou plus', 1, 0, 10),
(274, '2012-02-26', 2, 1, 2.18, 'Nul ou Tottenham', 1, 0, 2),
(275, '2012-02-26', 2, 1, 3.25, 'Nul ou Schalke', 1, 0, 4),
(276, '2012-02-26', 2, 1, 3.5, '', 1, 1, 5),
(277, '2012-02-26', 2, 1, 5.06, '', 1, 0, 5),
(278, '2012-02-27', 1, 1, 2, '', 1, 0, 8),
(279, '2012-02-29', 2, 1, 3.33, 'Nul ou Pays-Bas', 1, 0, 11),
(280, '2012-03-03', 2, 1, 3.36, '', 1, 0, 1),
(281, '2012-03-02', 2, 1, 29.64, '', 1, 0, 8),
(282, '2012-03-02', 2, 1, 2.5, '', 1, 0, 8),
(283, '2012-03-03', 1, 1, 2, '', 1, 0, 1),
(284, '2012-03-03', 2, 1, 10.45, '', 1, 0, 3),
(285, '2012-03-03', 2, 1, 4.25, '', 1, 0, 5),
(286, '2012-03-03', 2, 1, 8.95, '', 1, 0, 4),
(287, '2012-03-06', 1, 1, 2.05, '', 1, 1, 6),
(288, '2012-03-06', 1, 1, 2.35, '4 buts ou plus', 1, 0, 6),
(289, '2012-03-12', 2, 1, 2, 'Nul ou Bastia', 1, 1, 10),
(290, '2012-03-13', 2, 1, 3.44, '', 1, 1, 10),
(291, '2012-03-17', 1, 1, 3.75, '', 1, 0, 2),
(292, '2012-03-14', 2, 1, 5, '', 1, 0, 10),
(293, '2012-03-17', 2, 1, 4.3, 'Nuremberg ou Nul', 1, 0, 4),
(294, '2012-03-17', 2, 1, 3.22, '', 1, 1, 5),
(295, '2012-03-18', 2, 1, 9.61, '', 1, 0, 3),
(296, '2012-03-17', 2, 1, 5.99, '', 1, 0, 3),
(297, '2012-03-17', 2, 1, 3.98, '', 1, 0, 1),
(298, '2012-03-17', 2, 1, 5.77, '', 1, 0, 1),
(299, '2012-03-18', 2, 1, 2.03, '', 1, 1, 2),
(300, '2012-03-18', 2, 1, 7.36, '', 1, 0, 5),
(301, '2012-03-18', 2, 1, 2.06, 'Sochaux ou Nul', 1, 1, 1),
(302, '2012-03-19', 4, 1, 4.07, 'Prochain But : Espanyol', 1, 0, 10),
(303, '2012-03-20', 2, 1, 5.25, '', 1, 0, 12),
(304, '2012-03-20', 2, 1, 4.5, '', 1, 0, 10),
(305, '2012-03-24', 2, 1, 3.33, 'Valenciennes marque en premier - \r\nAjaccio marque en premier', 1, 0, 1),
(306, '2012-03-24', 2, 1, 2.36, '', 1, 1, 1),
(307, '2012-03-24', 2, 1, 7.51, 'Real et Barca : 4 buts ou plus', 1, 0, 3),
(308, '2012-03-24', 2, 1, 3.76, '', 1, 0, 5),
(309, '2012-03-24', 2, 1, 4.53, '', 1, 0, 4),
(310, '2012-03-24', 2, 1, 4.2, '', 1, 0, 2),
(311, '2012-03-25', 2, 1, 5.81, '', 1, 0, 1),
(312, '2012-03-25', 2, 1, 2.84, '', 1, 1, 5),
(313, '2012-03-25', 2, 1, 2.55, '', 1, 1, 4),
(314, '2012-03-25', 2, 1, 8.66, '', 1, 0, 3),
(315, '2012-03-25', 2, 1, 4.49, '', 1, 0, 3),
(316, '2012-03-25', 1, 1, 2.1, '', 1, 0, 2),
(317, '2012-03-27', 2, 1, 3.52, '', 1, 0, 10),
(318, '2012-03-28', 2, 1, 2.79, 'Buteur : Messi', 1, 0, 6),
(319, '2012-03-31', 2, 1, 2.71, '', 1, 0, 1),
(320, '2012-03-31', 1, 1, 3.1, '', 1, 0, 1),
(321, '2012-03-31', 2, 1, 4.71, '', 1, 0, 3),
(322, '2012-03-31', 2, 1, 8.37, '', 1, 0, 5),
(323, '2012-03-31', 2, 1, 2.73, '', 1, 0, 2),
(324, '2012-03-31', 2, 1, 2.13, '', 1, 0, 4),
(325, '2012-04-01', 2, 1, 2.4, '', 1, 0, 3),
(326, '2012-04-01', 2, 1, 3.38, '', 1, 1, 5),
(327, '2012-04-01', 2, 1, 5.99, '', 1, 0, 4),
(328, '2012-04-01', 2, 1, 8.55, '', 1, 0, 1),
(329, '2012-04-03', 4, 1, 1.94, '+3.5 buts\r\nQualif Barca', 1, 0, 6),
(330, '2012-04-04', 3, 1, 3.15, '', 1, 0, 6),
(331, '2012-04-09', 2, 1, 3.42, '', 1, 0, 10),
(332, '2012-04-10', 2, 1, 3.79, '', 1, 1, 4),
(333, '2012-04-10', 2, 1, 3.1, '', 1, 1, 10),
(334, '2012-04-11', 2, 1, 3.45, '', 1, 0, 4),
(335, '2012-04-11', 2, 1, 2.25, '', 1, 1, 3),
(336, '2012-04-11', 2, 1, 7.02, '', 1, 0, 3),
(337, '2012-04-11', 2, 1, 2.16, '', 1, 0, 2),
(338, '2012-04-11', 2, 1, 3.33, '', 1, 0, 5),
(339, '2012-04-11', 2, 1, 2.98, '', 1, 0, 10),
(340, '2012-04-12', 2, 1, 3.64, '', 1, 0, 3),
(341, '2012-04-13', 2, 1, 4, '', 1, 0, 8),
(342, '2012-04-14', 1, 5, 2.3, '', 1, 0, 12),
(343, '2012-04-15', 1, 1, 2.4, '', 1, 0, 1),
(344, '2012-04-15', 2, 1, 5.75, '', 1, 0, 1),
(345, '2012-04-18', 1, 1, 6, 'Resultat : 1-1', 1, 0, 6),
(346, '2012-04-18', 1, 1, 7, 'Resultat : 1-2', 1, 0, 6),
(347, '2012-04-19', 2, 1, 5, '', 1, 1, 7),
(348, '2012-04-20', 2, 1, 15.67, '', 1, 0, 8),
(349, '2012-04-20', 2, 1, 2.88, '', 1, 0, 8),
(350, '2012-04-22', 2, 1, 2.25, '', 1, 0, 10),
(351, '2012-04-22', 2, 1, 2.61, '', 1, 1, 1),
(352, '2012-05-14', 1, 1, 2.6, '', 1, 1, 1),
(353, '2012-05-14', 2, 1, 3.68, '', 1, 1, 1),
(354, '2012-05-17', 1, 5, 1.5, '', 1, 1, 12),
(355, '2012-05-19', 1, 1, 1.7, '', 1, 0, 6),
(356, '2012-05-20', 2, 1, 2.67, '', 1, 1, 1),
(357, '2012-05-20', 2, 1, 5.28, '', 1, 0, 1),
(358, '2012-05-20', 2, 1, 2.75, '', 1, 0, 1),
(359, '2012-05-20', 1, 1, 1.8, '', 1, 0, 12),
(360, '2012-06-06', 1, 1, 3.05, '1 er set gagnant : Tsonga', 1, 0, 9),
(361, '2012-06-08', 2, 1, 4.18, '', 1, 0, 11),
(364, '2012-06-10', 1, 1, 1.7, '', 1, 0, 11),
(363, '2012-06-09', 2, 1, 3.2, '', 1, 0, 11),
(365, '2012-06-10', 3, 1, 3.2, 'Vainqueur 3eme set : Djoko', 1, 1, 9),
(366, '2012-06-11', 1, 1, 2.3, 'Buteur : Benzema', 1, 0, 11),
(367, '2012-06-11', 3, 1, 5.5, '', 1, 0, 11),
(368, '2012-06-12', 1, 1, 2.2, '', 1, 0, 11),
(369, '2012-06-15', 3, 1, 2.05, '', 1, 1, 11),
(370, '2012-08-11', 2, 1, 2.54, '', 1, 0, 1),
(371, '2012-08-11', 2, 1, 6.9, '', 1, 0, 1),
(372, '2012-08-11', 1, 3, 1, 'Mise à niveau des comptes : Quelques matchs ont été perdus pendant l''Euro', 0, 0, 9),
(373, '2012-08-25', 2, 1, 4.1, '', 0, 0, 10),
(374, '2012-08-25', 1, 1, 8.25, 'Victore d''Ajaccio : 0-1', 0, 0, 10),
(375, '2012-09-01', 2, 1, 2.4, '', 0, 0, 10),
(376, '2012-09-02', 1, 2, 3.1, '', 1, 0, 1),
(377, '2012-09-20', 2, 1, 2.5, 'test', 1, 1, 2),
(378, '2012-09-13', 2, 1, 5, 'retest', 1, 0, 3),
(379, '2012-09-12', 2, 1, 2, '', 1, 1, 1),
(380, '2012-09-20', 2, 1, 5, '', 1, 1, 5);

-- --------------------------------------------------------

--
-- Structure de la table `type_pari`
--

CREATE TABLE IF NOT EXISTS `type_pari` (
  `id_type_pari` int(11) NOT NULL AUTO_INCREMENT,
  `lib_type_pari` varchar(255) CHARACTER SET utf8 COLLATE utf8_bin NOT NULL,
  PRIMARY KEY (`id_type_pari`)
) ENGINE=MyISAM  DEFAULT CHARSET=latin1 AUTO_INCREMENT=5 ;

--
-- Contenu de la table `type_pari`
--

INSERT INTO `type_pari` (`id_type_pari`, `lib_type_pari`) VALUES
(1, 'Simple'),
(2, 'Combiné'),
(3, 'Live Simple'),
(4, 'Live Combiné');

/*!40101 SET CHARACTER_SET_CLIENT=@OLD_CHARACTER_SET_CLIENT */;
/*!40101 SET CHARACTER_SET_RESULTS=@OLD_CHARACTER_SET_RESULTS */;
/*!40101 SET COLLATION_CONNECTION=@OLD_COLLATION_CONNECTION */;
